"Symbol","Description","GICS sector","Category1","Category2","Category3","Market Cap","Average Volume","Actions"
"NVO","Novo Nordisk A/S ADRs","Health Care","US Equity","ADRs","Large cap","$260,652,723,120","1,565,762","Analyze"
"REGN","Regeneron Pharmaceuticals Inc","Health Care","US Equity","Common stocks","Large cap","$86,238,124,754","637,527","Analyze"
"VRTX","Vertex Pharmaceuticals Inc","Health Care","US Equity","Common stocks","Large cap","$78,348,616,645","1,110,826","Analyze"
"SGEN","Seattle Genetics Inc","Health Care","US Equity","Common stocks","Large cap","$37,002,973,603","1,468,401","Analyze"
"BNTX","BioNTech SE  ADRs","Health Care","US Equity","ADRs","Large cap","$31,469,610,717","637,153","Analyze"
"GMAB","Genmab A/S  ADRs","Health Care","US Equity","ADRs","Large cap","$24,326,628,122","525,408","Analyze"
"ALNY","Alnylam Pharmaceuticals Inc","Health Care","US Equity","Common stocks","Large cap","$23,645,711,904","855,165","Analyze"
"BGNE","BeiGene ADRs","Health Care","US Equity","ADRs","Large cap","$22,847,121,675","277,594","Analyze"
"ARGX","argenx SE ADRs","Health Care","US Equity","ADRs","Large cap","$19,961,795,705","325,555","Analyze"
"BMRN","Biomarin Pharmaceutical Inc","Health Care","US Equity","Common stocks","Large cap","$16,808,108,726","1,644,346","Analyze"
"INCY","Incyte Corp","Health Care","US Equity","Common stocks","Large cap","$16,111,452,201","1,478,734","Analyze"
"RPRX","Royalty Pharma plc - Class A","Health Care","US Equity","Common stocks","Large cap","$15,422,177,844","2,484,707","Analyze"
"TECH","Bio-Techne Corp","Health Care","US Equity","Common stocks","Large cap","$11,311,232,384","909,753","Analyze"
"SRPT","Sarepta Therapeutics Inc","Health Care","US Equity","Common stocks","Large cap","$11,295,114,396","2,491,445","Analyze"
"UTHR","United Therapeutics Corp","Health Care","US Equity","Common stocks","Large cap","$10,002,083,729","909,254","Analyze"
"NBIX","Neurocrine Biosciences Inc","Health Care","US Equity","Common stocks","Mid cap","$9,242,497,204","752,748","Analyze"
"JAZZ","Jazz Pharmaceuticals Plc","Health Care","US Equity","Common stocks","Mid cap","$8,704,905,054","713,988","Analyze"
"APLS","Apellis Pharmaceuticals","Health Care","US Equity","Common stocks","Mid cap","$7,035,797,991","1,929,468","Analyze"
"LEGN","Legend Biotech Corporation ADRs","Health Care","US Equity","ADRs","Mid cap","$6,763,595,835","600,670","Analyze"
"KRTX","Karuna Therapeutics, Inc.","Health Care","US Equity","Common stocks","Mid cap","$6,083,607,111","444,772","Analyze"
"ASND","Ascendis Pharma ADRs","Health Care","US Equity","ADRs","Mid cap","$6,028,995,600","212,727","Analyze"
"EXEL","Exelixis Inc","Health Care","US Equity","Common stocks","Mid cap","$5,940,520,887","4,200,049","Analyze"
"ROIV","Roivant Sciences Ltd.","Health Care","US Equity","Common stocks","Mid cap","$5,301,407,177","3,932,635","Analyze"
"RXDX","Prometheus Biosciences, Inc.","Health Care","US Equity","Common stocks","Mid cap","$5,084,320,149","551,584","Analyze"
"IONS","Ionis Pharmaceuticals Inc","Health Care","US Equity","Common stocks","Mid cap","$4,806,113,245","899,980","Analyze"
"HALO","Halozyme Therapeutics Inc","Health Care","US Equity","Common stocks","Mid cap","$4,559,155,912","2,586,399","Analyze"
"ITCI","Intra Cellular Therapies Inc","Health Care","US Equity","Common stocks","Mid cap","$4,372,399,338","800,578","Analyze"
"ALKS","Alkermes PLC","Health Care","US Equity","Common stocks","Mid cap","$4,233,019,917","1,274,236","Analyze"
"MDGL","Madrigal Pharmaceuticals Inc","Health Care","US Equity","Common stocks","Mid cap","$4,207,293,264","539,859","Analyze"
"CERT","Certara, Inc.","Health Care","US Equity","Common stocks","Mid cap","$3,728,136,808","1,384,125","Analyze"
"CERE","Cerevel Therapeutics Holdings, Inc.","Health Care","US Equity","Common stocks","Mid cap","$3,670,465,731","962,204","Analyze"
"PTCT","PTC Therapeutics Inc","Health Care","US Equity","Common stocks","Mid cap","$3,444,952,770","844,074","Analyze"
"CRSP","CRISPR Therapeutics AG","Health Care","US Equity","Common stocks","Mid cap","$3,392,817,732","952,785","Analyze"
"NTLA","Intellia Therapeutics Inc","Health Care","US Equity","Common stocks","Mid cap","$3,272,506,972","1,495,404","Analyze"
"ISEE","IVERIC bio, Inc.","Health Care","US Equity","Common stocks","Mid cap","$3,251,170,634","2,294,184","Analyze"
"CYTK","Cytokinetics Inc","Health Care","US Equity","Common stocks","Mid cap","$3,200,277,579","1,395,454","Analyze"
"FOLD","Amicus Therapeutics Inc","Health Care","US Equity","Common stocks","Mid cap","$3,166,405,066","2,595,779","Analyze"
"DNLI","Denali Therapeutics Inc.","Health Care","US Equity","Common stocks","Mid cap","$3,131,284,870","984,626","Analyze"
"ZLAB","Zai Lab Limited ADRs","Health Care","US Equity","ADRs","Mid cap","$3,080,207,702","833,281","Analyze"
"PCVX","Vaxcyte, Inc.","Health Care","US Equity","Common stocks","Mid cap","$3,031,677,579","811,683","Analyze"
"ABCM","Abcam plc ADRs","Health Care","US Equity","ADRs","Mid cap","$3,024,594,956","759,963","Analyze"
"VIR","Vir Biotechnology, Inc.","Health Care","US Equity","Common stocks","Mid cap","$2,972,408,497","1,345,327","Analyze"
"ACAD","Acadia Pharmaceuticals Inc","Health Care","US Equity","Common stocks","Mid cap","$2,972,056,971","2,434,084","Analyze"
"RETA","Reata Pharmaceuticals Inc Class A","Health Care","US Equity","Common stocks","Mid cap","$2,823,237,040","2,174,341","Analyze"
"AXSM","Axsome Therapeutics Inc","Health Care","US Equity","Common stocks","Mid cap","$2,698,458,227","1,033,635","Analyze"
"MYOV","Myovant Sciences Ltd.","Health Care","US Equity","Common stocks","Mid cap","$2,620,491,766","2,033,150","Analyze"
"BPMC","Blueprint Medicines Corp","Health Care","US Equity","Common stocks","Mid cap","$2,615,881,874","699,213","Analyze"
"RVNC","Revance Therapeutics Inc","Health Care","US Equity","Common stocks","Mid cap","$2,604,060,000","1,512,207","Analyze"
"RARE","Ultragenyx Pharmaceutical Inc","Health Care","US Equity","Common stocks","Mid cap","$2,597,315,326","554,666","Analyze"
"ARWR","Arrowhead Pharmaceuticals Inc","Health Care","US Equity","Common stocks","Mid cap","$2,564,784,660","1,425,556","Analyze"
"SAGE","Sage Therapeutics Inc","Health Care","US Equity","Common stocks","Mid cap","$2,535,012,460","571,905","Analyze"
"PRTA","Prothena Plc","Health Care","US Equity","Common stocks","Mid cap","$2,526,772,342","483,776","Analyze"
"HRMY","Harmony Biosciences Holdings, Inc.","Health Care","US Equity","Common stocks","Mid cap","$2,492,146,556","586,110","Analyze"
"GLPG","Galapagos NV ADRs","Health Care","US Equity","ADRs","Mid cap","$2,478,048,634","502,331","Analyze"
"HCM","Hutchison China Meditech ADRs","Health Care","US Equity","ADRs","Mid cap","$2,455,961,000","331,024","Analyze"
"CORT","Corcept Therapeutics Inc","Health Care","US Equity","Common stocks","Mid cap","$2,277,754,561","1,142,595","Analyze"
"MRTX","Mirati Therapeutics Inc","Health Care","US Equity","Common stocks","Mid cap","$2,250,126,669","985,251","Analyze"
"INSM","Insmed Inc","Health Care","US Equity","Common stocks","Mid cap","$2,238,412,072","1,270,593","Analyze"
"BEAM","Beam Therapeutics Inc.","Health Care","US Equity","Common stocks","Mid cap","$2,196,544,125","1,147,830","Analyze"
"TGTX","TG Therapeutics Inc","Health Care","US Equity","Common stocks","Mid cap","$2,182,274,224","4,027,153","Analyze"
"IMCR","Immunocore Holdings plc ADRs","Health Care","US Equity","ADRs","Mid cap","$2,145,583,137","202,617","Analyze"
"XENE","Xenon Pharmaceuticals Inc.","Health Care","US Equity","Common stocks","Mid cap","$2,142,661,314","484,349","Analyze"
"ABCL","AbCellera Biologics Inc.","Health Care","US Equity","Common stocks","Mid cap","$2,102,986,115","1,717,617","Analyze"
"PRVB","Provention Bio Inc","Health Care","US Equity","Common stocks","Mid cap","$2,077,753,595","2,081,768","Analyze"
"VTYX","Ventyx Biosciences, Inc.","Health Care","US Equity","Common stocks","Mid cap","$2,067,833,592","905,523","Analyze"
"BBIO","BridgeBio Pharma, Inc.","Health Care","US Equity","Common stocks","Mid cap","$2,055,645,938","2,617,001","Analyze"
"IMVT","Immunovant, Inc.","Health Care","US Equity","Common stocks","Mid cap","$2,034,432,133","1,031,817","Analyze"
"AMLX","Amylyx Pharmaceuticals, Inc.","Health Care","US Equity","Common stocks","Small cap","$1,937,443,908","958,260","Analyze"
"DNA","Ginkgo Bioworks Holdings, Inc. Class A","Materials","US Equity","Common stocks","Small cap","$1,931,179,227","23,356,863","Analyze"
"KRYS","Krystal Biotech Inc","Health Care","US Equity","Common stocks","Small cap","$1,912,442,643","256,172","Analyze"
"RVMD","Revolution Medicines, Inc.","Health Care","US Equity","Common stocks","Small cap","$1,910,279,703","2,726,229","Analyze"
"RLAY","Relay Therapeutics, Inc.","Health Care","US Equity","Common stocks","Small cap","$1,879,035,450","1,117,620","Analyze"
"AKRO","Akero Therapeutics, Inc.","Health Care","US Equity","Common stocks","Small cap","$1,871,324,202","629,674","Analyze"
"TPTX","Turning Point Therapeutics, Inc.","Health Care","US Equity","Common stocks","Small cap","$1,824,739,968","527,248","Analyze"
"MRVI","Maravai LifeSciences Holdings, Inc","Health Care","US Equity","Common stocks","Small cap","$1,810,730,091","1,495,038","Analyze"
"GBT","Global Blood Therapeutics Inc","Health Care","US Equity","Common stocks","Small cap","$1,779,133,824","3,279,961","Analyze"
"FGEN","Fibrogen Inc","Health Care","US Equity","Common stocks","Small cap","$1,758,395,023","1,318,436","Analyze"
"CPRX","Catalyst Pharmaceuticals Inc","Health Care","US Equity","Common stocks","Small cap","$1,692,583,408","2,189,993","Analyze"
"XNCR","Xencor Inc","Health Care","US Equity","Common stocks","Small cap","$1,663,433,406","442,319","Analyze"
"CLDX","Celldex Therapeutics Inc","Health Care","US Equity","Common stocks","Small cap","$1,656,972,334","591,048","Analyze"
"SWTX","SpringWorks Therapeutics, Inc.","Health Care","US Equity","Common stocks","Small cap","$1,626,218,360","1,041,050","Analyze"
"VCYT","Veracyte Inc","Health Care","US Equity","Common stocks","Small cap","$1,595,949,948","827,278","Analyze"
"KYMR","Kymera Therapeutics, Inc.","Health Care","US Equity","Common stocks","Small cap","$1,594,807,312","420,230","Analyze"
"CCXI","Chemocentryx Inc","Health Care","US Equity","Common stocks","Small cap","$1,569,814,400","2,480,366","Analyze"
"PLRX","Pliant Therapeutics, Inc.","Health Care","US Equity","Common stocks","Small cap","$1,535,378,325","403,119","Analyze"
"BCRX","Biocryst Pharmaceuticals Inc","Health Care","US Equity","Common stocks","Small cap","$1,530,223,232","3,783,349","Analyze"
"MORF","Morphic Holding, Inc.","Health Care","US Equity","Common stocks","Small cap","$1,487,669,613","521,823","Analyze"
"SNDX","Syndax Pharmaceuticals Inc","Health Care","US Equity","Common stocks","Small cap","$1,475,621,852","1,074,786","Analyze"
"KDNY","Chinook Therapeutics, Inc.","Health Care","US Equity","Common stocks","Small cap","$1,465,735,433","651,711","Analyze"
"CVAC","CureVac N.V.","Health Care","US Equity","Common stocks","Small cap","$1,449,537,582","658,257","Analyze"
"NUVL","Nuvalent, Inc.","Health Care","US Equity","Common stocks","Small cap","$1,428,880,937","249,089","Analyze"
"RNA","Avidity Biosciences, Inc.","Health Care","US Equity","Common stocks","Small cap","$1,411,202,902","1,202,247","Analyze"
"ARVN","Arvinas, Inc.","Health Care","US Equity","Common stocks","Small cap","$1,403,171,073","439,517","Analyze"
"VCEL","Vericel Corp","Health Care","US Equity","Common stocks","Small cap","$1,364,564,792","486,248","Analyze"
"RCKT","Rocket Pharmaceuticals Inc","Health Care","US Equity","Common stocks","Small cap","$1,348,911,920","1,086,711","Analyze"
"SRRA","Sierra Oncology","Health Care","US Equity","Common stocks","Small cap","$1,336,962,176","858,299","Analyze"
"AUPH","Aurinia Pharmaceuticals Inc","Health Care","US Equity","Common stocks","Small cap","$1,324,537,441","3,143,392","Analyze"
"TVTX","Travere Therapeutics, Inc.","Health Care","US Equity","Common stocks","Small cap","$1,319,502,896","1,506,586","Analyze"
"IOVA","Iovance Biotherapeutics Inc","Health Care","US Equity","Common stocks","Small cap","$1,289,373,572","3,257,672","Analyze"
"DICE","DICE Therapeutics, Inc.","Health Care","US Equity","Common stocks","Small cap","$1,278,658,096","488,208","Analyze"
"DVAX","Dynavax Technologies Corp","Health Care","US Equity","Common stocks","Small cap","$1,248,775,251","2,469,616","Analyze"
"RXRX","Recursion Pharmaceuticals, Inc.","Health Care","US Equity","Common stocks","Small cap","$1,241,912,360","1,193,272","Analyze"
"ACLX","Arcellx, Inc.","Health Care","US Equity","Common stocks","Small cap","$1,239,646,469","460,342","Analyze"
"AGIO","Agios Pharmaceuticals Inc","Health Care","US Equity","Common stocks","Small cap","$1,215,169,202","647,397","Analyze"
"DAWN","Day One Biopharmaceuticals Holding Co LLC","Health Care","US Equity","Common stocks","Small cap","$1,208,300,083","525,908","Analyze"
"KROS","Keros Therapeutics, Inc.","Health Care","US Equity","Common stocks","Small cap","$1,197,636,446","348,436","Analyze"
"RCUS","Arcus Biosciences Inc","Health Care","US Equity","Common stocks","Small cap","$1,194,465,277","1,308,660","Analyze"
"SMMT","Summit Therapeutics PLC ADRs","Health Care","US Equity","ADRs","Small cap","$1,186,065,121","4,126,255","Analyze"
"LGND","Ligand Pharmaceuticals Inc","Health Care","US Equity","Common stocks","Small cap","$1,174,191,004","144,230","Analyze"
"GERN","Geron Corp","Health Care","US Equity","Common stocks","Small cap","$1,159,887,268","7,330,319","Analyze"
"DCPH","Deciphera Pharmaceuticals","Health Care","US Equity","Common stocks","Small cap","$1,123,260,330","1,077,939","Analyze"
"ADPT","Adaptive Biotechnologies Corporation","Health Care","US Equity","Common stocks","Small cap","$1,122,897,775","702,536","Analyze"
"REPL","Replimune Group Inc","Health Care","US Equity","Common stocks","Small cap","$1,103,072,344","855,754","Analyze"
"CDMO","Avid Bioservices Inc","Health Care","US Equity","Common stocks","Small cap","$1,096,449,892","966,474","Analyze"
"VRDN","Viridian Therapeutics, Inc.","Health Care","US Equity","Common stocks","Small cap","$1,093,897,751","653,956","Analyze"
"PTGX","Protagonist Therapeutics Inc","Health Care","US Equity","Common stocks","Small cap","$1,077,291,238","4,339,029","Analyze"
"MNKD","Mannkind Corp","Health Care","US Equity","Common stocks","Small cap","$1,066,251,853","3,377,833","Analyze"
"ZNTL","Zentalis Pharmaceuticals, Inc.","Health Care","US Equity","Common stocks","Small cap","$1,059,431,142","563,785","Analyze"
"VRNA","Verona Pharma plc ADRs","Health Care","US Equity","ADRs","Small cap","$1,028,591,230","513,805","Analyze"
"SAVA","Cassava Sciences, Inc.","Health Care","US Equity","Common stocks","Small cap","$999,898,968","756,413","Analyze"
"RYTM","Rhythm Pharmaceuticals","Health Care","US Equity","Common stocks","Small cap","$976,058,324","841,137","Analyze"
"BLU","BELLUS Health Inc.","Health Care","US Equity","Common stocks","Small cap","$958,126,565","578,652","Analyze"
"ORTX","Orchard Therapeutics plc ADRs","Health Care","US Equity","ADRs","Small cap","$942,000,635","122,682","Analyze"
"QURE","Uniqure Nv","Health Care","US Equity","Common stocks","Small cap","$937,300,576","658,949","Analyze"
"BHVN","Biohaven Pharmaceutical Holding Co","Health Care","US Equity","Common stocks","Small cap","$913,357,119","1,100,063","Analyze"
"INBX","Inhibrx, Inc.","Health Care","US Equity","Common stocks","Small cap","$904,120,245","485,726","Analyze"
"MRUS","Merus N.V.","Health Care","US Equity","Common stocks","Small cap","$893,460,350","282,200","Analyze"
"VERV","Verve Therapeutics, Inc.","Health Care","US Equity","Common stocks","Small cap","$887,307,353","1,029,229","Analyze"
"ETNB","89bio, Inc.","Health Care","US Equity","Common stocks","Small cap","$884,786,720","2,114,819","Analyze"
"EQRX","EQRx, Inc.","Health Care","US Equity","Common stocks","Small cap","$879,484,819","4,108,069","Analyze"
"MIRM","Mirum Pharmaceuticals, Inc.","Health Care","US Equity","Common stocks","Small cap","$875,528,832","306,281","Analyze"
"RGNX","Regenxbio Inc","Health Care","US Equity","Common stocks","Small cap","$866,665,281","488,371","Analyze"
"MLTX","MoonLake Immunotherapeutics - Class A","Health Care","US Equity","Common stocks","Small cap","$866,482,512","303,208","Analyze"
"GMTX","Gemini Therapeutics, Inc.","Health Care","US Equity","Common stocks","Small cap","$861,800,185","63,882","Analyze"
"CRNX","Crinetics Pharmaceuticals Inc.","Health Care","US Equity","Common stocks","Small cap","$845,291,003","582,477","Analyze"
"IMGN","Immunogen Inc","Health Care","US Equity","Common stocks","Small cap","$843,151,983","3,391,618","Analyze"
"EXAI","Exscientia Ltd ADRs","Health Care","US Equity","ADRs","Small cap","$840,161,363","134,687","Analyze"
"KURA","Kura Oncology Inc","Health Care","US Equity","Common stocks","Small cap","$839,741,328","588,267","Analyze"
"ARDX","Ardelyx Inc","Health Care","US Equity","Common stocks","Small cap","$838,360,216","9,517,700","Analyze"
"ENTA","Enanta Pharmaceuticals Inc","Health Care","US Equity","Common stocks","Small cap","$827,102,747","397,901","Analyze"
"PRTC","PureTech Health plc ADRs","Health Care","US Equity","ADRs","Small cap","$780,566,001","1,126","Analyze"
"INVA","Innoviva Inc","Health Care","US Equity","Common stocks","Small cap","$762,330,936","1,018,487","Analyze"
"CBAY","CymaBay Therapeutics Inc","Health Care","US Equity","Common stocks","Small cap","$757,895,514","1,801,480","Analyze"
"VALN","Valneva SE - ADRs","Health Care","US Equity","ADRs","Small cap","$754,163,909","3,367","Analyze"
"PHAR","Pharming Group N.V. ADRs","Health Care","US Equity","ADRs","Small cap","$739,711,019","10,898","Analyze"
"ALLO","Allogene Therapeutics Inc","Health Care","US Equity","Common stocks","Small cap","$729,711,784","2,245,044","Analyze"
"VKTX","Viking Therapeutics Inc","Health Care","US Equity","Common stocks","Small cap","$723,803,023","3,119,605","Analyze"
"MCRB","Seres Therapeutics Inc","Health Care","US Equity","Common stocks","Small cap","$714,853,137","1,349,429","Analyze"
"PNT","POINT Biopharma Global Inc.","Health Care","US Equity","Common stocks","Small cap","$711,530,740","643,976","Analyze"
"COGT","Cogent Biosciences, Inc.","Health Care","US Equity","Common stocks","Small cap","$702,265,772","816,758","Analyze"
"IDYA","IDEAYA Biosciences, Inc.","Health Care","US Equity","Common stocks","Small cap","$689,517,914","355,978","Analyze"
"AVXL","Anavex Life Sciences Corp","Health Care","US Equity","Common stocks","Small cap","$677,318,932","1,061,113","Analyze"
"BLTE","Belite Bio, Inc - ADRs","Health Care","US Equity","ADRs","Small cap","$669,282,647","6,303","Analyze"
"ARQT","Arcutis Biotherapeutics, Inc.","Health Care","US Equity","Common stocks","Small cap","$659,695,018","1,269,932","Analyze"
"TYRA","Tyra Biosciences, Inc.","Health Care","US Equity","Common stocks","Small cap","$655,639,522","67,182","Analyze"
"TBPH","Theravance Biopharma Inc","Health Care","US Equity","Common stocks","Small cap","$653,436,690","600,579","Analyze"
"CINC","CinCor Pharma, Inc.","Health Care","US Equity","Common stocks","Small cap","$645,216,384","6,349,776","Analyze"
"SVA","Sinovac Biotech, Ltd.","Health Care","US Equity","Common stocks","Small cap","$643,779,512","0","Analyze"
"BIOR","Biora Therapeutics, Inc.","Health Care","US Equity","Common stocks","Small cap","$642,731,377","132,142","Analyze"
"IBRX","ImmunityBio, Inc.","Health Care","US Equity","Common stocks","Small cap","$636,319,951","6,156,202","Analyze"
"DYN","Dyne Therapeutics, Inc.","Health Care","US Equity","Common stocks","Small cap","$629,861,233","378,777","Analyze"
"SANA","Sana Biotechnology, Inc.","Health Care","US Equity","Common stocks","Small cap","$621,923,842","1,212,230","Analyze"
"RAPT","RAPT Therapeutics, Inc.","Health Care","US Equity","Common stocks","Small cap","$618,539,807","578,524","Analyze"
"SRNE","Sorrento Therapeutics Inc","Health Care","US Equity","Common stocks","Small cap","$618,424,128","176,993,285","Analyze"
"ADMA","Adma Biologics Inc","Health Care","US Equity","Common stocks","Small cap","$611,977,428","2,948,349","Analyze"
"ANAB","Anaptysbio Inc","Health Care","US Equity","Common stocks","Small cap","$604,148,136","263,255","Analyze"
"HLVX","HilleVax, Inc.","Health Care","US Equity","Common stocks","Small cap","$602,912,686","52,452","Analyze"
"FDMT","4D Molecular Therapeutics, Inc.","Health Care","US Equity","Common stocks","Small cap","$579,274,843","869,683","Analyze"
"ICPT","Intercept Pharmaceuticals Inc","Health Care","US Equity","Common stocks","Small cap","$570,463,943","908,677","Analyze"
"CTIC","CTI BioPharma Corp","Health Care","US Equity","Common stocks","Small cap","$566,894,336","3,532,175","Analyze"
"ACRS","Aclaris Therapeutics Inc","Health Care","US Equity","Common stocks","Small cap","$543,547,657","926,279","Analyze"
"MOR","MorphoSys AG ADRs","Health Care","US Equity","ADRs","Small cap","$539,495,422","73,857","Analyze"
"TRDA","Entrada Therapeutics, Inc.","Health Care","US Equity","Common stocks","Small cap","$535,837,016","47,854","Analyze"
"ALDX","Aldeyra Therapeutics Inc","Health Care","US Equity","Common stocks","Small cap","$530,701,731","524,191","Analyze"
"BTAI","Bioxcel Therapeutics Inc.","Health Care","US Equity","Common stocks","Small cap","$529,424,032","876,948","Analyze"
"AVTE","Aerovate Therapeutics, Inc.","Health Care","US Equity","Common stocks","Small cap","$528,973,216","89,689","Analyze"
"ADGI","Adagio Therapeutics, Inc.","Health Care","US Equity","Common stocks","Small cap","$525,651,436","536,354","Analyze"
"ZYME","Zymeworks Inc.","Health Care","US Equity","Common stocks","Small cap","$524,498,141","755,256","Analyze"
"CNCE","Concert Pharmaceuticals Inc","Health Care","US Equity","Common stocks","Small cap","$520,711,745","2,610,086","Analyze"
"IMTX","Immatics N.V.","Health Care","US Equity","Common stocks","Small cap","$516,762,149","212,362","Analyze"
"FATE","Fate Therapeutics Inc","Health Care","US Equity","Common stocks","Small cap","$513,386,334","6,646,021","Analyze"
"EDIT","Editas Medicine Inc","Health Care","US Equity","Common stocks","Small cap","$511,758,795","1,414,436","Analyze"
"ZEAL","Zealand Pharma A/S ADRs","Health Care","US Equity","ADRs","Small cap","$510,518,976","2,157","Analyze"
"VECT","VectivBio Holding AG","Health Care","US Equity","Common stocks","Small cap","$508,802,277","13,102","Analyze"
"LYEL","Lyell Immunopharma, Inc.","Health Care","US Equity","Common stocks","Small cap","$506,706,771","1,214,589","Analyze"
"CERS","Cerus Corp","Health Care","US Equity","Common stocks","Small cap","$500,882,399","2,474,105","Analyze"
"NVAX","Novavax Inc","Health Care","US Equity","Common stocks","Small cap","$496,357,891","8,021,440","Analyze"
"ALEC","Alector, Inc.","Health Care","US Equity","Common stocks","Small cap","$493,185,785","689,795","Analyze"
"AGEN","Agenus Inc","Health Care","US Equity","Common stocks","Small cap","$492,119,647","6,355,801","Analyze"
"ABUS","Arbutus Biopharma Corporation","Health Care","US Equity","Common stocks","Small cap","$481,210,127","1,193,830","Analyze"
"JANX","Janux Therapeutics, Inc.","Health Care","US Equity","Common stocks","Small cap","$472,298,126","84,475","Analyze"
"IMGO","Imago BioSciences, Inc.","Health Care","US Equity","Common stocks","Small cap","$471,626,464","139,341","Analyze"
"CHRS","Coherus Biosciences Inc","Health Care","US Equity","Common stocks","Small cap","$469,697,755","1,507,101","Analyze"
"ITOS","iTeos Therapeutics, Inc.","Health Care","US Equity","Common stocks","Small cap","$469,366,069","298,172","Analyze"
"IGMS","IGM Biosciences, Inc.","Health Care","US Equity","Common stocks","Small cap","$468,549,138","132,507","Analyze"
"BMEA","Biomea Fusion, Inc.","Health Care","US Equity","Common stocks","Small cap","$464,460,687","162,023","Analyze"
"MESO","Mesoblast ADRs","Health Care","US Equity","ADRs","Small cap","$464,386,369","204,750","Analyze"
"MRSN","Mersana Therapeutics Inc.","Health Care","US Equity","Common stocks","Small cap","$452,629,250","1,536,127","Analyze"
"ALBO","Albireo Pharma Inc","Health Care","US Equity","Common stocks","Small cap","$452,408,320","914,857","Analyze"
"TERN","Terns Pharmaceuticals, Inc.","Health Care","US Equity","Common stocks","Small cap","$450,598,594","306,376","Analyze"
"SRRK","Scholar Rock Holding Corp","Health Care","US Equity","Common stocks","Small cap","$447,591,470","238,306","Analyze"
"LQDA","Liquidia Technologies Inc.","Health Care","US Equity","Common stocks","Small cap","$445,702,483","632,751","Analyze"
"BCYC","Bicycle Therapeutics plc  ADRs","Health Care","US Equity","ADRs","Small cap","$433,552,700","302,124","Analyze"
"MGNX","Macrogenics Inc","Health Care","US Equity","Common stocks","Small cap","$429,778,027","726,211","Analyze"
"EWTX","Edgewise Therapeutics, Inc.","Health Care","US Equity","Common stocks","Small cap","$428,919,506","138,945","Analyze"
"LXRX","Lexicon Pharmaceuticals Inc","Health Care","US Equity","Common stocks","Small cap","$426,520,179","548,716","Analyze"
"NRIX","Nurix Therapeutics, Inc.","Health Care","US Equity","Common stocks","Small cap","$424,512,420","367,337","Analyze"
"RPTX","Repare Therapeutics Inc.","Health Care","US Equity","Common stocks","Small cap","$424,145,192","120,876","Analyze"
"CGEM","Cullinan Management, Inc.","Health Care","US Equity","Common stocks","Small cap","$415,296,267","448,238","Analyze"
"ANIK","Anika Therapeutics Inc","Health Care","US Equity","Common stocks","Small cap","$410,453,126","87,693","Analyze"
"VIGL","Vigil Neuroscience, Inc.","Health Care","US Equity","Common stocks","Small cap","$409,524,408","22,665","Analyze"
"ALLK","Allakos Inc.","Health Care","US Equity","Common stocks","Small cap","$405,276,489","1,086,130","Analyze"
"NSTG","Nanostring Technologies Inc","Health Care","US Equity","Common stocks","Small cap","$405,210,294","734,449","Analyze"
"ARCT","Arcturus Therapeutics Ltd.","Health Care","US Equity","Common stocks","Small cap","$400,987,793","374,974","Analyze"
"SIGA","Siga Technologies Inc","Health Care","US Equity","Common stocks","Small cap","$400,716,488","973,581","Analyze"
"CMPX","Compass Therapeutics, Inc","Health Care","US Equity","Common stocks","Small cap","$399,763,615","441,793","Analyze"
"ATHX","Athersys Inc","Health Care","US Equity","Common stocks","Small cap","$398,909,132","113,080","Analyze"
"PEPG","PepGen Inc.","Health Care","US Equity","Common stocks","Small cap","$398,906,877","30,341","Analyze"
"KNSA","Kiniksa Pharmaceuticals Ltd.","Health Care","US Equity","Common stocks","Small cap","$390,873,401","481,439","Analyze"
"AURA","Aura Biosciences, Inc.","Health Care","US Equity","Common stocks","Small cap","$390,853,055","197,672","Analyze"
"ALVR","AlloVir, Inc.","Health Care","US Equity","Common stocks","Small cap","$388,072,966","291,723","Analyze"
"OCUL","Ocular Therapeutix Inc","Health Care","US Equity","Common stocks","Small cap","$381,344,939","1,203,485","Analyze"
"CLBS","Caladrius Biosciences Inc","Health Care","US Equity","Common stocks","Small cap","$378,645,306","34,972","Analyze"
"VNDA","Vanda Pharmaceuticals Inc","Health Care","US Equity","Common stocks","Small cap","$375,918,448","834,377","Analyze"
"KPTI","Karyopharm Therapeutics Inc","Health Care","US Equity","Common stocks","Small cap","$364,961,659","2,696,514","Analyze"
"NUVB","Nuvation Bio Inc. Class A","Health Care","US Equity","Common stocks","Small cap","$361,554,179","822,149","Analyze"
"BLUE","Bluebird Bio Inc","Health Care","US Equity","Common stocks","Small cap","$360,716,346","4,624,445","Analyze"
"GHRS","GH Research PLC","Health Care","US Equity","Common stocks","Small cap","$359,464,067","33,588","Analyze"
"TNGX","Tango Therapeutics, Inc.","Health Care","US Equity","Common stocks","Small cap","$358,881,831","140,892","Analyze"
"CMMB","Chemomab Therapeutics Ltd.  ADRs","Health Care","US Equity","ADRs","Small cap","$349,174,059","98,526","Analyze"
"STOK","Stoke Therapeutics, Inc.","Health Care","US Equity","Common stocks","Small cap","$347,442,297","331,214","Analyze"
"DSGN","Design Therapeutics, Inc.","Health Care","US Equity","Common stocks","Small cap","$345,170,247","1,290,303","Analyze"
"GLUE","Monte Rosa Therapeutics, Inc.","Health Care","US Equity","Common stocks","Small cap","$343,538,870","101,690","Analyze"
"ERAS","Erasca, Inc.","Health Care","US Equity","Common stocks","Small cap","$340,165,292","2,394,343","Analyze"
"CNTA","Centessa Pharmaceuticals Ltd ADRs","Health Care","US Equity","ADRs","Small cap","$337,708,602","214,370","Analyze"
"AMAM","Ambrx Biopharma Inc. ADRs","Health Care","US Equity","ADRs","Small cap","$334,821,129","7,893,722","Analyze"
"VOR","Vor Biopharma Inc.","Health Care","US Equity","Common stocks","Small cap","$334,812,317","212,223","Analyze"
"THRX","Theseus Pharmaceuticals, Inc.","Health Care","US Equity","Common stocks","Small cap","$332,806,987","137,441","Analyze"
"WVE","Wave Life Sciences Ltd","Health Care","US Equity","Common stocks","Small cap","$327,615,594","406,541","Analyze"
"OGEN","Oragenics Inc","Health Care","US Equity","Common stocks","Small cap","$324,934,321","21,919","Analyze"
"TARS","Tarsus Pharmaceuticals, Inc.","Health Care","US Equity","Common stocks","Small cap","$324,522,389","92,182","Analyze"
"VYGR","Voyager Therapeutics Inc","Health Care","US Equity","Common stocks","Small cap","$323,834,400","416,083","Analyze"
"AUTL","Autolus Therapeutics plc ADRs","Health Care","US Equity","ADRs","Small cap","$323,649,334","320,273","Analyze"
"NGM","NGM Biopharmaceuticals, Inc.","Health Care","US Equity","Common stocks","Small cap","$322,442,741","377,879","Analyze"
"ATXS","Astria Therapeutics, Inc.","Health Care","US Equity","Common stocks","Small cap","$321,287,523","666,153","Analyze"
"HUMA","Humacyte, Inc.","Health Care","US Equity","Common stocks","Small cap","$318,636,044","358,804","Analyze"
"PSTX","Poseida Therapeutics, Inc.","Health Care","US Equity","Common stocks","Small cap","$315,824,291","980,420","Analyze"
"RAIN","Rain Therapeutics Inc.","Health Care","US Equity","Common stocks","Small cap","$313,754,291","230,281","Analyze"
"OMGA","Omega Therapeutics, Inc.","Health Care","US Equity","Common stocks","Small cap","$313,101,458","123,584","Analyze"
"SCPH","scPharmaceuticals Inc.","Health Care","US Equity","Common stocks","Small cap","$309,760,172","455,490","Analyze"
"PRLD","Prelude Therapeutics Incorporated","Health Care","US Equity","Common stocks","Small cap","$309,517,134","54,303","Analyze"
"CKPT","Checkpoint Therapeutics Inc.","Health Care","US Equity","Common stocks","Small cap","$308,807,564","235,074","Analyze"
"MRNS","Marinus Pharmaceuticals Inc","Health Care","US Equity","Common stocks","Small cap","$306,930,423","655,490","Analyze"
"DBVT","DBV Technologies S.A. ADRs","Health Care","US Equity","ADRs","Small cap","$303,121,607","27,866","Analyze"
"FMTX","Forma Therapeutics Holdings, Inc.","Health Care","US Equity","Common stocks","Small cap","$301,863,008","739,166","Analyze"
"NAUT","Nautilus Biotechnology, Inc.","Health Care","US Equity","Common stocks","Small cap","$300,928,005","186,250","Analyze"
"TMBR","Timber Pharmaceuticals, Inc.","Health Care","US Equity","Common stocks","Micro cap","$298,910,629","236,117","Analyze"
"GBIO","Generation Bio Co.","Health Care","US Equity","Common stocks","Micro cap","$298,328,790","300,475","Analyze"
"MIGI","Mawson Infrastructure Group Inc","Health Care","US Equity","Common stocks","Micro cap","$293,501,495","85,346","Analyze"
"BIVI","BioVie Inc. Class A","Health Care","US Equity","Common stocks","Micro cap","$286,723,120","718,924","Analyze"
"SGMO","Sangamo Therapeutics Inc","Health Care","US Equity","Common stocks","Micro cap","$286,421,639","2,553,546","Analyze"
"IMRX","Immuneering Corp","Health Care","US Equity","Common stocks","Micro cap","$274,406,811","38,866","Analyze"
"ATRA","Atara Biotherapeutics Inc","Health Care","US Equity","Common stocks","Micro cap","$274,350,393","1,385,853","Analyze"
"ELOX","Eloxx Pharmaceuticals Inc.","Health Care","US Equity","Common stocks","Micro cap","$274,318,933","15,495","Analyze"
"CARA","Cara Therapeutics Inc","Health Care","US Equity","Common stocks","Micro cap","$272,953,366","779,008","Analyze"
"STRO","Sutro Biopharma, Inc.","Health Care","US Equity","Common stocks","Micro cap","$271,858,954","607,362","Analyze"
"SLN","Silence Therapeutics Plc ADRs","Health Care","US Equity","ADRs","Micro cap","$269,054,878","65,024","Analyze"
"IMAB","I-MAB ADRs","Health Care","US Equity","ADRs","Micro cap","$268,409,260","278,322","Analyze"
"KNTE","Kinnate Biopharma Inc.","Health Care","US Equity","Common stocks","Micro cap","$268,241,172","115,487","Analyze"
"OTLK","Outlook Therapeutics, Inc.","Health Care","US Equity","Common stocks","Micro cap","$264,366,798","931,047","Analyze"
"PHAT","Phathom Pharmaceuticals, Inc.","Health Care","US Equity","Common stocks","Micro cap","$263,592,142","379,527","Analyze"
"CRBU","Caribou Biosciences, Inc.","Health Care","US Equity","Common stocks","Micro cap","$263,588,654","634,229","Analyze"
"VRCA","Verrica Pharmaceuticals Inc","Health Care","US Equity","Common stocks","Micro cap","$259,901,249","132,080","Analyze"
"KOD","Kodiak Sciences Inc","Health Care","US Equity","Common stocks","Micro cap","$255,791,763","448,838","Analyze"
"FUSN","Fusion Pharmaceuticals Inc.","Health Care","US Equity","Common stocks","Micro cap","$255,313,189","66,138","Analyze"
"CDXS","Codexis Inc","Health Care","US Equity","Common stocks","Micro cap","$255,214,143","620,642","Analyze"
"AVIR","Atea Pharmaceuticals, Inc.","Health Care","US Equity","Common stocks","Micro cap","$254,191,801","770,271","Analyze"
"APRE","Aprea Therapeutics, Inc.","Health Care","US Equity","Common stocks","Micro cap","$251,750,216","13,935","Analyze"
"ACET","Adicet Bio, Inc.","Health Care","US Equity","Common stocks","Micro cap","$248,709,305","850,463","Analyze"
"MGTX","Meiragtx Holdings Plc","Health Care","US Equity","Common stocks","Micro cap","$247,224,616","220,049","Analyze"
"ALPN","Alpine Immune Sciences","Health Care","US Equity","Common stocks","Micro cap","$246,853,513","115,666","Analyze"
"PRQR","ProQR Therapeutics N.V.","Health Care","US Equity","Common stocks","Micro cap","$246,666,185","963,347","Analyze"
"INO","Inovio Pharmaceuticals Inc","Health Care","US Equity","Common stocks","Micro cap","$246,110,872","3,769,900","Analyze"
"HRTX","Heron Therapeutics Inc","Health Care","US Equity","Common stocks","Micro cap","$245,503,972","1,589,674","Analyze"
"ICVX","Icosavax, Inc.","Health Care","US Equity","Common stocks","Micro cap","$245,294,011","94,637","Analyze"
"OPT","Opthea Limited ADRs","Health Care","US Equity","ADRs","Micro cap","$245,270,381","3,982","Analyze"
"BTX","Brooklyn ImmunoTherapeutics, Inc.","Health Care","US Equity","Common stocks","Micro cap","$241,303,181","2,557,644","Analyze"
"LCTX","Lineage Cell Therapeutics, Inc.","Health Care","US Equity","Common stocks","Micro cap","$238,203,998","339,657","Analyze"
"KZR","Kezar Life Sciences Inc.","Health Care","US Equity","Common stocks","Micro cap","$237,192,593","1,253,219","Analyze"
"PGEN","Precigen, Inc.","Health Care","US Equity","Common stocks","Micro cap","$236,356,885","1,951,446","Analyze"
"ORIC","Oric Pharmaceuticals, Inc.","Health Care","US Equity","Common stocks","Micro cap","$234,474,318","209,390","Analyze"
"VAXX","Vaxxinity, Inc.","Health Care","US Equity","Common stocks","Micro cap","$234,460,108","145,109","Analyze"
"ATNM","Actinium Pharmaceuticals Inc","Health Care","US Equity","Common stocks","Micro cap","$234,446,415","301,328","Analyze"
"CABA","Cabaletta Bio, Inc.","Health Care","US Equity","Common stocks","Micro cap","$234,117,188","275,867","Analyze"
"XOMA","Xoma Corp","Health Care","US Equity","Common stocks","Micro cap","$232,543,041","30,026","Analyze"
"OMER","Omeros Corp","Health Care","US Equity","Common stocks","Micro cap","$231,838,143","323,339","Analyze"
"PMVP","PMV Pharmaceuticals, Inc.","Health Care","US Equity","Common stocks","Micro cap","$231,613,207","1,238,196","Analyze"
"CMPI","Checkmate Pharmaceuticals, Inc.","Health Care","US Equity","Common stocks","Micro cap","$230,519,568","63,651","Analyze"
"SEER","Seer, Inc. - Class A","Health Care","US Equity","Common stocks","Micro cap","$225,664,530","741,222","Analyze"
"PHVS","Pharvaris N.V.","Health Care","US Equity","Common stocks","Micro cap","$224,438,234","17,863","Analyze"
"SELB","Selecta Biosciences Inc","Health Care","US Equity","Common stocks","Micro cap","$222,312,427","2,400,712","Analyze"
"RIGL","Rigel Pharmaceuticals Inc","Health Care","US Equity","Common stocks","Micro cap","$222,276,292","6,297,644","Analyze"
"KALV","Kalvista Pharmaceuticals Inc","Health Care","US Equity","Common stocks","Micro cap","$222,101,347","416,050","Analyze"
"SVRA","Savara Inc","Health Care","US Equity","Common stocks","Micro cap","$220,104,922","209,817","Analyze"
"MOLN","Molecular Partners AG ADRs","Health Care","US Equity","ADRs","Micro cap","$215,980,927","2,794","Analyze"
"GRTS","Gritstone Oncology Inc.","Health Care","US Equity","Common stocks","Micro cap","$215,648,466","642,061","Analyze"
"IPHA","Innate Pharma S.A. ADRs","Health Care","US Equity","ADRs","Micro cap","$214,166,224","25,643","Analyze"
"JSPR","Jasper Therapeutics, Inc. - Class A","Health Care","US Equity","Common stocks","Micro cap","$212,203,356","1,440,446","Analyze"
"SBTX","Silverback Therapeutics, Inc.","Health Care","US Equity","Common stocks","Micro cap","$211,662,444","116,700","Analyze"
"ANTX","AN2 Therapeutics, Inc.","Health Care","US Equity","Common stocks","Micro cap","$210,324,813","47,883","Analyze"
"VERA","Vera Therapeutics, Inc.","Health Care","US Equity","Common stocks","Micro cap","$206,602,571","618,886","Analyze"
"IPSC","Century Therapeutics, Inc.","Health Care","US Equity","Common stocks","Micro cap","$206,505,359","201,067","Analyze"
"ALT","Altimmune Inc","Health Care","US Equity","Common stocks","Micro cap","$206,478,428","1,312,393","Analyze"
"GNFT","GENFIT S.A. ADRs","Health Care","US Equity","ADRs","Micro cap","$203,077,556","5,128","Analyze"
"OCGN","Ocugen, Inc.","Health Care","US Equity","Common stocks","Micro cap","$199,247,560","11,784,508","Analyze"
"ALXO","ALX Oncology Holdings Inc.","Health Care","US Equity","Common stocks","Micro cap","$199,003,049","242,728","Analyze"
"WINT","Windtree Therapeutics, Inc.","Health Care","US Equity","Common stocks","Micro cap","$198,456,012","56,533","Analyze"
"KMPH","KemPharm, Inc.","Health Care","US Equity","Common stocks","Micro cap","$198,057,908","64,126","Analyze"
"ATAI","ATAI Life Sciences N.V.","Health Care","US Equity","Common stocks","Micro cap","$197,391,615","1,059,780","Analyze"
"FHTX","Foghorn Therapeutics Inc.","Health Care","US Equity","Common stocks","Micro cap","$196,479,326","81,052","Analyze"
"FENC","Fennec Pharmaceuticals, Inc.","Health Care","US Equity","Common stocks","Micro cap","$194,878,546","55,774","Analyze"
"DRTS","Alpha Tau Medical Ltd. - Class A","Health Care","US Equity","Common stocks","Micro cap","$194,267,484","35,103","Analyze"
"FULC","Fulcrum Therapeutics, Inc.","Health Care","US Equity","Common stocks","Micro cap","$193,923,241","1,694,943","Analyze"
"URGN","UroGen Pharma Ltd.","Health Care","US Equity","Common stocks","Micro cap","$193,032,726","89,358","Analyze"
"QSI","Quantum-Si Incorporated - Class A","Health Care","US Equity","Common stocks","Micro cap","$190,826,593","879,024","Analyze"
"LRMR","Larimar Therapeutics, Inc.","Health Care","US Equity","Common stocks","Micro cap","$190,817,172","210,326","Analyze"
"ANNX","Annexon, Inc.","Health Care","US Equity","Common stocks","Micro cap","$188,844,774","387,992","Analyze"
"LIAN","LianBio ADRs","Health Care","US Equity","ADRs","Micro cap","$184,201,513","555,788","Analyze"
"ACIU","AC Immune SA","Health Care","US Equity","Common stocks","Micro cap","$182,979,524","75,925","Analyze"
"CCCC","C4 Therapeutics, Inc.","Health Care","US Equity","Common stocks","Micro cap","$181,488,149","822,294","Analyze"
"COCP","Cocrystal Pharma Inc.","Health Care","US Equity","Common stocks","Micro cap","$179,342,960","34,409","Analyze"
"NVCT","Nuvectis Pharma, Inc.","Health Care","US Equity","Common stocks","Micro cap","$179,039,589","16,647","Analyze"
"AADI","Aadi Biosciences, Inc.","Health Care","US Equity","Common stocks","Micro cap","$177,840,403","115,096","Analyze"
"IVA","Inventiva S.A. ADRs","Health Care","US Equity","ADRs","Micro cap","$175,952,290","12,614","Analyze"
"XERS","Xeris Pharmaceuticals Inc","Health Care","US Equity","Common stocks","Micro cap","$175,729,411","1,277,426","Analyze"
"OVID","Ovid Therapeutics Inc","Health Care","US Equity","Common stocks","Micro cap","$174,818,945","82,983","Analyze"
"TNYA","Tenaya Therapeutics, Inc.","Health Care","US Equity","Common stocks","Micro cap","$171,175,040","517,754","Analyze"
"JAGX","Jaguar Health Inc","Health Care","US Equity","Common stocks","Micro cap","$170,884,419","2,419,117","Analyze"
"MACK","Merrimack Pharmaceuticals Inc","Health Care","US Equity","Common stocks","Micro cap","$169,208,084","78,937","Analyze"
"ADAP","Adaptimmune Therapeutics ADRs","Health Care","US Equity","ADRs","Micro cap","$168,580,905","623,864","Analyze"
"PDSB","PDS Biotechnology Corporation","Health Care","US Equity","Common stocks","Micro cap","$168,475,433","429,694","Analyze"
"GLSI","Greenwich LifeSciences, Inc.","Health Care","US Equity","Common stocks","Micro cap","$166,772,388","44,803","Analyze"
"RLYB","Rallybio Corp","Health Care","US Equity","Common stocks","Micro cap","$166,387,855","107,176","Analyze"
"NKTX","Nkarta, Inc.","Health Care","US Equity","Common stocks","Micro cap","$164,889,618","502,949","Analyze"
"ABOS","Acumen Pharmaceuticals, Inc.","Health Care","US Equity","Common stocks","Micro cap","$161,202,434","82,632","Analyze"
"ADCT","ADC Therapeutics SA","Health Care","US Equity","Common stocks","Micro cap","$159,672,203","687,519","Analyze"
"ABSI","AbSci Corp","Health Care","US Equity","Common stocks","Micro cap","$158,919,243","557,781","Analyze"
"IMMP","Immutep Limited ADRs","Health Care","US Equity","ADRs","Micro cap","$158,273,213","63,080","Analyze"
"ANVS","Annovis Bio, Inc.","Health Care","US Equity","Common stocks","Micro cap","$150,787,658","36,134","Analyze"
"AMRN","Amarin Corp PLC ADRs","Health Care","US Equity","ADRs","Micro cap","$150,179,013","5,758,596","Analyze"
"CTXR","Citius Pharmaceuticals Inc.","Health Care","US Equity","Common stocks","Micro cap","$145,702,017","499,055","Analyze"
"SPPI","Spectrum Pharmaceuticals Inc","Health Care","US Equity","Common stocks","Micro cap","$144,804,246","1,541,207","Analyze"
"INZY","Inozyme Pharma, Inc.","Health Care","US Equity","Common stocks","Micro cap","$144,276,023","908,400","Analyze"
"OLMA","Olema Pharmaceuticals, Inc.","Health Care","US Equity","Common stocks","Micro cap","$143,430,070","84,401","Analyze"
"CUE","Cue Biopharma Inc.","Health Care","US Equity","Common stocks","Micro cap","$142,455,944","207,353","Analyze"
"NKTR","Nektar Therapeutics","Health Care","US Equity","Common stocks","Micro cap","$140,620,632","3,363,207","Analyze"
"RANI","Rani Therapeutics Holdings, Inc.","Health Care","US Equity","Common stocks","Micro cap","$140,135,181","18,268","Analyze"
"GRCL","Gracell Biotechnologies Inc. ADRs","Health Care","US Equity","ADRs","Micro cap","$139,431,129","73,290","Analyze"
"AVEO","Aveo Pharmaceuticals Inc","Health Care","US Equity","Common stocks","Micro cap","$138,255,584","243,695","Analyze"
"IMRA","IMARA Inc.","Health Care","US Equity","Common stocks","Micro cap","$137,990,319","67,416","Analyze"
"OBSV","ObsEva SA","Health Care","US Equity","Common stocks","Micro cap","$137,983,264","33,150,624","Analyze"
"RPHM","Reneo Pharmaceuticals, Inc.","Health Care","US Equity","Common stocks","Micro cap","$136,630,128","121,609","Analyze"
"ARAV","Aravive Inc","Health Care","US Equity","Common stocks","Micro cap","$135,847,810","482,595","Analyze"
"CRMD","Cormedix Inc","Health Care","US Equity","Common stocks","Micro cap","$135,818,221","162,148","Analyze"
"GRPH","Graphite Bio, Inc.","Health Care","US Equity","Common stocks","Micro cap","$134,648,820","267,249","Analyze"
"GTHX","G1 Therapeutics Inc.","Health Care","US Equity","Common stocks","Micro cap","$134,309,882","1,083,719","Analyze"
"IKNA","Ikena Oncology, Inc.","Health Care","US Equity","Common stocks","Micro cap","$133,427,574","42,781","Analyze"
"BLI","Berkeley Lights, Inc.","Health Care","US Equity","Common stocks","Micro cap","$132,800,007","762,543","Analyze"
"EPIX","Essa Pharma Inc.","Health Care","US Equity","Common stocks","Micro cap","$132,277,122","67,452","Analyze"
"STTK","Shattuck Labs, Inc.","Health Care","US Equity","Common stocks","Micro cap","$128,620,734","37,414","Analyze"
"AKBA","Akebia Therapeutics Inc","Health Care","US Equity","Common stocks","Micro cap","$126,283,610","2,343,857","Analyze"
"CDXC","Chromadex Corp","Health Care","US Equity","Common stocks","Micro cap","$125,728,665","179,845","Analyze"
"YMAB","Y-Mabs Therapeutics, Inc.","Health Care","US Equity","Common stocks","Micro cap","$124,454,171","327,967","Analyze"
"FSTX","F-star Therapeutics, Inc.","Health Care","US Equity","Common stocks","Micro cap","$120,900,555","2,249,513","Analyze"
"NOTV","Inotiv, Inc.","Health Care","US Equity","Common stocks","Micro cap","$120,723,122","640,699","Analyze"
"NBTX","Nanobiotix S.A. - ADRs","Health Care","US Equity","ADRs","Micro cap","$120,321,758","573","Analyze"
"TRVN","Trevena Inc","Health Care","US Equity","Common stocks","Micro cap","$119,912,930","90,772","Analyze"
"MIST","Milestone Pharmaceuticals Inc.","Health Care","US Equity","Common stocks","Micro cap","$119,658,147","121,609","Analyze"
"ESPR","Esperion Therapeutics Inc","Health Care","US Equity","Common stocks","Micro cap","$119,453,615","7,643,007","Analyze"
"SESN","Sesen Bio Inc","Health Care","US Equity","Common stocks","Micro cap","$119,266,780","1,665,253","Analyze"
"INMB","INmune Bio Inc.","Health Care","US Equity","Common stocks","Micro cap","$118,353,837","50,761","Analyze"
"LMNL","Liminal BioSciences Inc.","Health Care","US Equity","Common stocks","Micro cap","$118,272,154","10,984","Analyze"
"GALT","Galectin Therapeutics Inc","Health Care","US Equity","Common stocks","Micro cap","$118,019,494","129,050","Analyze"
"GNTA","Genenta Science S.p.A. ADRs","Health Care","US Equity","Common stocks","Micro cap","$115,494,880","5,137","Analyze"
"TCRT","Alaunos Therapeutics, Inc.","Health Care","US Equity","Common stocks","Micro cap","$113,672,221","969,194","Analyze"
"CLLS","Cellectis SA ADRs","Health Care","US Equity","ADRs","Micro cap","$113,390,887","83,726","Analyze"
"OYST","Oyster Point Pharma, Inc.","Health Care","US Equity","Common stocks","Micro cap","$112,011,056","2,088,283","Analyze"
"CTMX","Cytomx Therapeutics Inc","Health Care","US Equity","Common stocks","Micro cap","$111,682,580","717,497","Analyze"
"PLX","Protalix Biotherapeutics Inc. (De)","Health Care","US Equity","Common stocks","Micro cap","$111,265,654","1,347,087","Analyze"
"OTIC","Otonomy Inc","Health Care","US Equity","Common stocks","Micro cap","$110,427,904","491,624","Analyze"
"CMRX","Chimerix Inc","Health Care","US Equity","Common stocks","Micro cap","$110,341,959","843,840","Analyze"
"MNMD","Mind Medicine (MindMed) Inc.","Health Care","US Equity","Common stocks","Micro cap","$109,668,540","332,332","Analyze"
"SLGL","Sol-Gel Technologies Ltd.","Health Care","US Equity","Common stocks","Micro cap","$108,281,112","5,357","Analyze"
"OPNT","Opiant Pharmaceuticals Inc.","Health Care","US Equity","Common stocks","Micro cap","$108,034,039","42,308","Analyze"
"MNOV","Medicinova Inc","Health Care","US Equity","Common stocks","Micro cap","$107,901,741","26,684","Analyze"
"EYEN","Eyenovia Inc.","Health Care","US Equity","Common stocks","Micro cap","$107,641,096","109,612","Analyze"
"TRVI","Trevi Therapeutics, Inc.","Health Care","US Equity","Common stocks","Micro cap","$106,880,271","72,912","Analyze"
"BCTX","BriaCell Therapeutics Corp.","Health Care","US Equity","Common stocks","Micro cap","$106,143,243","138,001","Analyze"
"CAPR","Capricor Therapeutics Inc","Health Care","US Equity","Common stocks","Micro cap","$105,819,095","131,420","Analyze"
"LJPC","La Jolla Pharmaceutical","Health Care","US Equity","Common stocks","Micro cap","$104,024,104","340,715","Analyze"
"PBYI","Puma Biotechnology Inc","Health Care","US Equity","Common stocks","Micro cap","$103,077,174","453,425","Analyze"
"ETON","Eton Pharmaceutcials, Inc.","Health Care","US Equity","Common stocks","Micro cap","$102,850,550","81,504","Analyze"
"XFOR","X4 Pharmaceuticals, Inc.","Health Care","US Equity","Common stocks","Micro cap","$102,654,290","864,120","Analyze"
"CLVS","Clovis Oncology Inc","Health Care","US Equity","Common stocks","Micro cap","$102,585,736","24,516,461","Analyze"
"CDTX","Cidara Therapeutics Inc","Health Care","US Equity","Common stocks","Micro cap","$102,413,870","3,697,316","Analyze"
"VXRT","Vaxart Inc","Health Care","US Equity","Common stocks","Micro cap","$101,766,130","1,563,183","Analyze"
"GOSS","Gossamer Bio, Inc.","Health Care","US Equity","Common stocks","Micro cap","$101,633,479","7,534,538","Analyze"
"RVLP","RVL Pharmaceuticals plc","Health Care","US Equity","Common stocks","Micro cap","$101,336,810","84,020","Analyze"
"LIFE","Atyr Pharma Inc","Health Care","US Equity","Common stocks","Micro cap","$99,944,658","293,676","Analyze"
"XBIT","Xbiotech Inc","Health Care","US Equity","Common stocks","Micro cap","$98,927,644","23,660","Analyze"
"AKUS","Akouos, Inc.","Health Care","US Equity","Common stocks","Micro cap","$97,992,144","1,790,496","Analyze"
"GMDA","Gamida Cell Ltd.","Health Care","US Equity","Common stocks","Micro cap","$96,957,934","828,607","Analyze"
"PRTK","Paratek Pharmaceuticals Inc","Health Care","US Equity","Common stocks","Micro cap","$96,778,338","1,276,376","Analyze"
"CVM","Cel-Sci Corporation","Health Care","US Equity","Common stocks","Micro cap","$94,913,337","195,053","Analyze"
"PIRS","Pieris Pharmaceuticals Inc","Health Care","US Equity","Common stocks","Micro cap","$91,519,691","104,261","Analyze"
"GRTX","Galera Therapeutics, Inc.","Health Care","US Equity","Common stocks","Micro cap","$91,228,041","641,427","Analyze"
"CLGN","CollPlant Holdings ADRs","Health Care","US Equity","ADRs","Micro cap","$91,169,820","6,456","Analyze"
"RUBY","Rubius Therapeutics Inc","Health Care","US Equity","Common stocks","Micro cap","$91,115,232","7,315,896","Analyze"
"SPRB","Spruce Biosciences, Inc.","Health Care","US Equity","Common stocks","Micro cap","$91,018,606","153,262","Analyze"
"ATHA","Athira Pharma, Inc.","Health Care","US Equity","Common stocks","Micro cap","$90,790,332","292,040","Analyze"
"CLNN","Clene Inc.","Health Care","US Equity","Common stocks","Micro cap","$90,668,890","195,480","Analyze"
"MTNB","Matinas Biopharma Holdings Inc","Health Care","US Equity","Common stocks","Micro cap","$88,752,559","286,131","Analyze"
"VSTM","Verastem Inc","Health Care","US Equity","Common stocks","Micro cap","$88,137,768","602,204","Analyze"
"ELYM","Eliem Therapeutics, Inc.","Health Care","US Equity","Common stocks","Micro cap","$87,009,155","36,023","Analyze"
"CELU","Celularity Inc. - Class A","Health Care","US Equity","Common stocks","Micro cap","$86,833,972","599,220","Analyze"
"AFMD","Affimed N.V.","Health Care","US Equity","Common stocks","Micro cap","$86,603,654","806,286","Analyze"
"DARE","Dare Bioscience Inc","Health Care","US Equity","Common stocks","Micro cap","$86,521,991","215,566","Analyze"
"ORMP","Oramed Pharmaceuticals Inc.","Health Care","US Equity","Common stocks","Micro cap","$86,330,874","659,928","Analyze"
"ETTX","Entasis Therapeutics Holdings Inc.","Health Care","US Equity","Common stocks","Micro cap","$86,133,240","39,735","Analyze"
"ATOS","Atossa Genetics Inc","Health Care","US Equity","Common stocks","Micro cap","$86,015,758","264,623","Analyze"
"FBIO","Fortress Biotech Inc","Health Care","US Equity","Common stocks","Micro cap","$84,741,147","753,975","Analyze"
"ACHV","Achieve Life Sciences","Health Care","US Equity","Common stocks","Micro cap","$84,452,005","91,884","Analyze"
"TLSA","Tiziana Life Sciences plc  ADRs","Health Care","US Equity","ADRs","Micro cap","$84,415,816","85,477","Analyze"
"EPZM","Epizyme Inc","Health Care","US Equity","Common stocks","Micro cap","$84,135,712","3,506,859","Analyze"
"LBPH","Longboard Pharmaceuticals, Inc.","Health Care","US Equity","Common stocks","Micro cap","$83,918,023","25,921","Analyze"
"BCAB","BioAtla, Inc.","Health Care","US Equity","Common stocks","Micro cap","$83,709,277","320,579","Analyze"
"MDWD","Mediwound Ltd.","Health Care","US Equity","Common stocks","Micro cap","$82,970,629","36,966","Analyze"
"IFRX","InflaRx N.V.","Health Care","US Equity","Common stocks","Micro cap","$82,356,031","48,594","Analyze"
"DTIL","Precision BioSciences, Inc.","Health Care","US Equity","Common stocks","Micro cap","$82,325,446","357,661","Analyze"
"XLO","Xilio Therapeutics, Inc.","Health Care","US Equity","Common stocks","Micro cap","$81,591,068","32,154","Analyze"
"KRBP","Kiromic BioPharma, Inc.","Health Care","US Equity","Common stocks","Micro cap","$81,301,139","2,407,193","Analyze"
"RVPH","Reviva Pharmaceuticals Holdings, Inc.","Health Care","US Equity","Common stocks","Micro cap","$80,749,340","71,743","Analyze"
"VACC","Vaccitech plc ADRs","Health Care","US Equity","ADRs","Micro cap","$80,564,202","31,483","Analyze"
"TIL","Instil Bio, Inc.","Health Care","US Equity","Common stocks","Micro cap","$80,345,662","550,536","Analyze"
"EYPT","Eyepoint Pharmaceuticals Inc","Health Care","US Equity","Common stocks","Micro cap","$79,923,488","310,679","Analyze"
"CYBN","Cybin Inc.","Health Care","US Equity","Common stocks","Micro cap","$79,815,698","1,571,141","Analyze"
"PRDS","Pardes Biosciences, Inc.","Health Care","US Equity","Common stocks","Micro cap","$79,614,601","177,794","Analyze"
"SNGX","Soligenix, Inc.","Health Care","US Equity","Common stocks","Micro cap","$79,303,368","28,570","Analyze"
"JNCE","Jounce Therapeutics Inc","Health Care","US Equity","Common stocks","Micro cap","$79,253,221","4,531,700","Analyze"
"ONCY","Oncolytics Biotech Inc.","Health Care","US Equity","Common stocks","Micro cap","$77,905,428","238,719","Analyze"
"ATNF","180 Life Sciences Corp.","Health Care","US Equity","Common stocks","Micro cap","$77,684,148","66,409","Analyze"
"KRON","Kronos Bio, Inc.","Health Care","US Equity","Common stocks","Micro cap","$77,224,346","272,050","Analyze"
"GRNA","GreenLight Biosciences Holdings, PBC","Health Care","US Equity","Common stocks","Micro cap","$76,791,431","693,631","Analyze"
"VBIV","VBI Vaccines Inc","Health Care","US Equity","Common stocks","Micro cap","$76,366,741","970,510","Analyze"
"OCUP","Ocuphire Pharma, Inc.","Health Care","US Equity","Common stocks","Micro cap","$74,905,254","71,761","Analyze"
"SEEL","Seelos Therapeutics, Inc.","Health Care","US Equity","Common stocks","Micro cap","$74,801,856","855,834","Analyze"
"NCNA","NuCana plc ADRs","Health Care","US Equity","ADRs","Micro cap","$74,617,400","104,721","Analyze"
"LBPS","4D pharma plc ADRs","Health Care","US Equity","ADRs","Micro cap","$74,599,456","3,914","Analyze"
"ADVM","Adverum Biotechnologies Inc","Health Care","US Equity","Common stocks","Micro cap","$74,587,338","458,179","Analyze"
"BLPH","Bellerophon Therapeutics Inc","Health Care","US Equity","Common stocks","Micro cap","$73,459,318","887,513","Analyze"
"GLYC","Glycomimetics Inc","Health Care","US Equity","Common stocks","Micro cap","$73,393,522","680,167","Analyze"
"IPA","ImmunoPrecise Antibodies Ltd.","Health Care","US Equity","Common stocks","Micro cap","$73,310,217","76,839","Analyze"
"TALS","Talaris Therapeutics, Inc.","Health Care","US Equity","Common stocks","Micro cap","$73,014,524","155,008","Analyze"
"RZLT","Rezolute Inc.","Health Care","US Equity","Common stocks","Micro cap","$71,813,756","29,162","Analyze"
"DBTX","Decibel Therapeutics, Inc.","Health Care","US Equity","Common stocks","Micro cap","$71,542,854","50,175","Analyze"
"PYXS","Pyxis Oncology, Inc.","Health Care","US Equity","Common stocks","Micro cap","$71,372,599","137,258","Analyze"
"ANEB","Anebulo Pharmaceuticals, Inc.","Health Care","US Equity","Common stocks","Micro cap","$71,260,343","1,966","Analyze"
"CRDF","Cardiff Oncology, Inc.","Health Care","US Equity","Common stocks","Micro cap","$69,249,612","175,799","Analyze"
"INKT","MiNK Therapeutics, Inc.","Health Care","US Equity","Common stocks","Micro cap","$67,909,717","19,267","Analyze"
"BDTX","Black Diamond Therapeutics, Inc.","Health Care","US Equity","Common stocks","Micro cap","$67,490,120","143,117","Analyze"
"ENLV","Enlivex Therapeutics Ltd.","Health Care","US Equity","Common stocks","Micro cap","$67,386,924","12,335","Analyze"
"HOWL","Werewolf Therapeutics, Inc.","Health Care","US Equity","Common stocks","Micro cap","$66,715,886","64,844","Analyze"
"IMUX","Immunic, Inc.","Health Care","US Equity","Common stocks","Micro cap","$66,161,719","849,653","Analyze"
"ADAG","Adagene Inc. ADRs","Health Care","US Equity","ADRs","Micro cap","$65,743,902","11,544","Analyze"
"MYMD","MyMD Pharmaceuticals, Inc.","Health Care","US Equity","Common stocks","Micro cap","$63,941,415","575,266","Analyze"
"LYRA","Lyra Therapeutics, Inc.","Health Care","US Equity","Common stocks","Micro cap","$63,813,151","36,680","Analyze"
"VTVT","vTv Therapeutics Inc Class A","Health Care","US Equity","Common stocks","Micro cap","$63,508,318","296,366","Analyze"
"CYT","Cyteir Therapeutics, Inc.","Health Care","US Equity","Common stocks","Micro cap","$63,435,652","91,409","Analyze"
"IMNM","Immunome, Inc.","Health Care","US Equity","Common stocks","Micro cap","$63,029,493","34,659","Analyze"
"CLSD","Clearside Biomedical Inc","Health Care","US Equity","Common stocks","Micro cap","$62,591,585","143,935","Analyze"
"CGEN","Compugen Ltd.","Health Care","US Equity","Common stocks","Micro cap","$61,650,758","265,572","Analyze"
"CRTX","Cortexyme, Inc.","Health Care","US Equity","Common stocks","Micro cap","$58,794,128","259,340","Analyze"
"UBX","Unity Biotechnology Inc","Health Care","US Equity","Common stocks","Micro cap","$58,790,388","235,262","Analyze"
"BCLI","Brainstorm Cell Therapeutics Inc","Health Care","US Equity","Common stocks","Micro cap","$57,918,720","138,502","Analyze"
"GANX","Gain Therapeutics, Inc.","Health Care","US Equity","Common stocks","Micro cap","$57,515,501","62,348","Analyze"
"IOBT","IO Biotech, Inc.","Health Care","US Equity","Common stocks","Micro cap","$57,054,229","49,500","Analyze"
"PASG","Passage Bio, Inc.","Health Care","US Equity","Common stocks","Micro cap","$56,802,224","163,898","Analyze"
"CNTB","Connect Biopharma Holdings Ltd ADRs","Health Care","US Equity","ADRs","Micro cap","$56,692,484","2,740,353","Analyze"
"CSBR","Champions Oncology Inc.","Health Care","US Equity","Common stocks","Micro cap","$56,268,398","19,640","Analyze"
"MREO","Mereo BioPharma Group plc ADRs","Health Care","US Equity","ADRs","Micro cap","$56,185,872","542,372","Analyze"
"ARMP","Armata Pharmaceuticals, Inc.","Health Care","US Equity","Common stocks","Micro cap","$56,024,294","27,503","Analyze"
"ASMB","Assembly Biosciences Inc","Health Care","US Equity","Common stocks","Micro cap","$55,583,202","143,791","Analyze"
"RCOR","Renovacor, Inc.","Health Care","US Equity","Common stocks","Micro cap","$55,262,128","14,313","Analyze"
"TCRR","TCR2 Therapeutics Inc.","Health Care","US Equity","Common stocks","Micro cap","$54,893,027","2,349,040","Analyze"
"ENOB","Enochian Biosciences, Inc.","Health Care","US Equity","Common stocks","Micro cap","$53,755,828","148,359","Analyze"
"YMTX","Yumanity Therapeutics, Inc.","Health Care","US Equity","Common stocks","Micro cap","$53,739,512","677,036","Analyze"
"VIRX","Viracta Therapeutics, Inc.","Health Care","US Equity","Common stocks","Micro cap","$53,391,200","54,667","Analyze"
"CGTX","Cognition Therapeutics, Inc.","Health Care","US Equity","Common stocks","Micro cap","$53,203,098","96,277","Analyze"
"FIXX","Homology Medicines Inc.","Health Care","US Equity","Common stocks","Micro cap","$53,064,160","260,022","Analyze"
"APTO","Aptose Biosciences Inc.","Health Care","US Equity","Common stocks","Micro cap","$52,658,583","150,242","Analyze"
"AMPE","Ampio Pharmaceuticals Inc","Health Care","US Equity","Common stocks","Micro cap","$52,272,266","107,731","Analyze"
"HCWB","HCW Biologics Inc.","Health Care","US Equity","Common stocks","Micro cap","$52,013,632","24,752","Analyze"
"ONCT","Oncternal Therapeutics, Inc.","Health Care","US Equity","Common stocks","Micro cap","$51,536,912","271,750","Analyze"
"HEPA","Hepion Pharmaceuticals, Inc.","Health Care","US Equity","Common stocks","Micro cap","$51,454,991","210,195","Analyze"
"ELEV","Elevation Oncology, Inc.","Health Care","US Equity","Common stocks","Micro cap","$50,645,938","5,405,553","Analyze"
"CRIS","Curis Inc","Health Care","US Equity","Common stocks","Micro cap","$50,241,307","389,684","Analyze"
"PMCB","PharmaCyte Biotech Inc.","Health Care","US Equity","Common stocks","Micro cap","$49,713,647","41,309","Analyze"
"BOLT","Bolt Biotherapeutics, Inc.","Health Care","US Equity","Common stocks","Micro cap","$49,335,770","217,353","Analyze"
"LTRN","Lantern Pharma Inc.","Health Care","US Equity","Common stocks","Micro cap","$48,639,539","39,736","Analyze"
"ALGS","Aligos Therapeutics, Inc.","Health Care","US Equity","Common stocks","Micro cap","$48,522,301","81,133","Analyze"
"SPRO","Spero Therapeutics","Health Care","US Equity","Common stocks","Micro cap","$48,042,443","475,487","Analyze"
"GLTO","Galecto Inc.","Health Care","US Equity","Common stocks","Micro cap","$48,009,396","30,553","Analyze"
"NRXP","NRX Pharmaceuticals, Inc.","Health Care","US Equity","Common stocks","Micro cap","$47,403,947","187,390","Analyze"
"BLRX","BioLineRX Ltd. ADRs","Health Care","US Equity","ADRs","Micro cap","$47,372,406","294,052","Analyze"
"MGTA","Magenta Therapeutics Inc.","Health Care","US Equity","Common stocks","Micro cap","$46,894,195","329,120","Analyze"
"TCRX","TScan Therapeutics, Inc.","Health Care","US Equity","Common stocks","Micro cap","$46,752,909","34,129","Analyze"
"AGTC","Applied Genetic Technologies Corp","Health Care","US Equity","Common stocks","Micro cap","$44,775,976","764,531","Analyze"
"PRAX","Praxis Precision Medicines, Inc.","Health Care","US Equity","Common stocks","Micro cap","$44,733,244","5,084,801","Analyze"
"NXTC","NextCure, Inc.","Health Care","US Equity","Common stocks","Micro cap","$44,717,003","79,723","Analyze"
"AQST","Aquestive Therapeutics Inc.","Health Care","US Equity","Common stocks","Micro cap","$44,407,931","382,119","Analyze"
"BYSI","Beyondspring Inc.","Health Care","US Equity","Common stocks","Micro cap","$44,378,971","112,333","Analyze"
"PRTG","Portage Biotech Inc.","Health Care","US Equity","Common stocks","Micro cap","$44,056,436","26,616","Analyze"
"TSHA","Taysha Gene Therapies, Inc.","Health Care","US Equity","Common stocks","Micro cap","$43,703,352","351,407","Analyze"
"SYBX","Synlogic","Health Care","US Equity","Common stocks","Micro cap","$42,981,903","103,820","Analyze"
"EIGR","Eiger Biopharmaceuticals Inc","Health Care","US Equity","Common stocks","Micro cap","$42,798,357","337,064","Analyze"
"SNSE","Sensei Biotherapeutics, Inc.","Health Care","US Equity","Common stocks","Micro cap","$42,394,002","21,405","Analyze"
"PPBT","Purple Biotech Ltd. ADRs","Health Care","US Equity","ADRs","Micro cap","$42,063,276","28,116","Analyze"
"CNSP","CNS Pharmaceuticals, Inc.","Health Care","US Equity","Common stocks","Micro cap","$42,034,105","104,016","Analyze"
"ABEO","Abeona Therapeutics Inc","Health Care","US Equity","Common stocks","Micro cap","$41,737,192","154,776","Analyze"
"ICCC","Immucell Corp","Health Care","US Equity","Common stocks","Micro cap","$41,523,191","7,936","Analyze"
"ALZN","Alzamend Neuro, Inc.","Health Care","US Equity","Common stocks","Micro cap","$41,469,253","207,728","Analyze"
"LVTX","LAVA Therapeutics N.V.","Health Care","US Equity","Common stocks","Micro cap","$41,240,861","60,786","Analyze"
"BCDA","BioCardia, Inc.","Health Care","US Equity","Common stocks","Micro cap","$40,892,820","18,142","Analyze"
"TARA","ArTara Therapeutics, Inc.","Health Care","US Equity","Common stocks","Micro cap","$40,794,765","31,420","Analyze"
"RFL","Rafael Holdings Inc Class B","Real Estate","US Equity","Common stocks","Micro cap","$40,460,337","60,062","Analyze"
"GNPX","Genprex Inc.","Health Care","US Equity","Common stocks","Micro cap","$40,458,225","363,909","Analyze"
"APLT","Applied Therapeutics, Inc.","Health Care","US Equity","Common stocks","Micro cap","$40,374,329","127,660","Analyze"
"TCON","Tracon Pharmaceuticals Inc","Health Care","US Equity","Common stocks","Micro cap","$40,260,096","68,532","Analyze"
"CADL","Candel Therapeutics, Inc.","Health Care","US Equity","Common stocks","Micro cap","$40,162,721","15,201","Analyze"
"DMAC","Diamedica Therapeutics Inc.","Health Care","US Equity","Common stocks","Micro cap","$39,955,639","8,950","Analyze"
"MBIO","Mustang Bio Inc.","Health Care","US Equity","Common stocks","Micro cap","$39,385,714","377,130","Analyze"
"FWP","Forward Pharma ADRs","Health Care","US Equity","ADRs","Micro cap","$39,356,052","49,649","Analyze"
"ORGS","Orgenesis Inc.","Health Care","US Equity","Common stocks","Micro cap","$39,040,235","79,710","Analyze"
"PHAS","Phasebio Pharmaceuticals, Inc.","Health Care","US Equity","Common stocks","Micro cap","$39,025,516","9,647,464","Analyze"
"AVRO","Avrobio Inc.","Health Care","US Equity","Common stocks","Micro cap","$38,958,938","364,998","Analyze"
"ACXP","Acurx Pharmaceuticals, LLC","Health Care","US Equity","Common stocks","Micro cap","$38,514,481","35,819","Analyze"
"BCEL","Atreca, Inc. - Class A","Health Care","US Equity","Common stocks","Micro cap","$38,498,821","154,416","Analyze"
"DYAI","Dyadic International, Inc.","Health Care","US Equity","Common stocks","Micro cap","$38,274,554","18,731","Analyze"
"APM","Aptorum Group Limited - Class A","Health Care","US Equity","Common stocks","Micro cap","$38,177,919","6,484","Analyze"
"SURF","Surface Oncology Inc","Health Care","US Equity","Common stocks","Micro cap","$37,759,823","196,013","Analyze"
"MDNA","Medicenna Therapeutics Corp.","Health Care","US Equity","Common stocks","Micro cap","$37,430,140","48,818","Analyze"
"NYMX","Nymox Pharmaceutical Corp","Health Care","US Equity","Common stocks","Micro cap","$37,219,826","45,310","Analyze"
"TNXP","Tonix Pharmaceuticals Holding Corp","Health Care","US Equity","Common stocks","Micro cap","$35,630,692","1,402,168","Analyze"
"MNPR","Monopar Therapeutics Inc.","Health Care","US Equity","Common stocks","Micro cap","$35,494,670","10,786","Analyze"
"ELDN","Eledon Pharmaceuticals, Inc.","Health Care","US Equity","Common stocks","Micro cap","$35,306,796","40,175","Analyze"
"NLSP","NLS Pharmaceutics Ltd.","Health Care","US Equity","Common stocks","Micro cap","$35,140,612","84,519","Analyze"
"ACHL","Achilles Therapeutics plc","Health Care","US Equity","Common stocks","Micro cap","$35,039,487","166,436","Analyze"
"PTN","Palatin Technologies Inc","Health Care","US Equity","Common stocks","Micro cap","$34,573,308","64,546","Analyze"
"SLS","Sellas Life Sciences Group Inc","Health Care","US Equity","Common stocks","Micro cap","$34,529,055","620,143","Analyze"
"SGTX","Sigilon Therapeutics, Inc.","Health Care","US Equity","Common stocks","Micro cap","$34,090,074","321,047","Analyze"
"MEIP","MEI  Pharma Inc","Health Care","US Equity","Common stocks","Micro cap","$33,315,216","1,516,751","Analyze"
"LPTX","Leap Therapeutics Inc","Health Care","US Equity","Common stocks","Micro cap","$32,677,054","722,989","Analyze"
"AXLA","Axcella Health Inc.","Health Care","US Equity","Common stocks","Micro cap","$32,364,128","107,711","Analyze"
"PSTI","Pluristem Therapeutics, Inc.","Health Care","US Equity","Common stocks","Micro cap","$32,347,584","170,627","Analyze"
"REVB","Revelation Biosciences, Inc.","Health Care","US Equity","Common stocks","Micro cap","$32,244,416","360,731","Analyze"
"MIRO","Miromatrix Medical Inc.","Health Care","US Equity","Common stocks","Micro cap","$32,104,392","161,405","Analyze"
"ERYP","Erytech Pharma S.A. ADRs","Health Care","US Equity","ADRs","Micro cap","$32,066,980","4,560","Analyze"
"CRVS","Corvus Pharmaceuticals Inc","Health Care","US Equity","Common stocks","Micro cap","$31,661,043","79,450","Analyze"
"IMPL","Impel NeuroPharma, Inc","Health Care","US Equity","Common stocks","Micro cap","$31,097,845","58,242","Analyze"
"AYLA","Ayala Pharmaceuticals, Inc.","Health Care","US Equity","Common stocks","Micro cap","$30,987,660","50,068","Analyze"
"VTGN","Vistagen Therapeutics, Inc.","Health Care","US Equity","Common stocks","Micro cap","$30,705,702","2,087,458","Analyze"
"ENTX","Entera Bio Ltd","Health Care","US Equity","Common stocks","Micro cap","$30,538,517","56,711","Analyze"
"PTIX","Protagenic Therapeutics Inc.","Health Care","US Equity","Common stocks","Micro cap","$29,944,725","13,819","Analyze"
"KALA","Kala Pharmaceuticals Inc.","Health Care","US Equity","Common stocks","Micro cap","$29,632,992","1,693,217","Analyze"
"ABIO","Arca Biopharma Inc","Health Care","US Equity","Common stocks","Micro cap","$29,252,590","30,957","Analyze"
"STSA","Satsuma Pharmaceuticals, Inc.","Health Care","US Equity","Common stocks","Micro cap","$29,250,217","85,342","Analyze"
"INAB","IN8BIO, INC.","Health Care","US Equity","Common stocks","Micro cap","$29,155,117","69,708","Analyze"
"NOVN","Novan Inc","Health Care","US Equity","Common stocks","Micro cap","$28,132,655","112,047","Analyze"
"EVAX","Evaxion Biotech A/S ADRs","Health Care","US Equity","ADRs","Micro cap","$27,647,085","73,446","Analyze"
"UNCY","Unicycive Therapeutics, Inc.","Health Care","US Equity","Common stocks","Micro cap","$27,546,062","25,786,297","Analyze"
"OCX","Oncocyte Corp","Health Care","US Equity","Common stocks","Micro cap","$27,513,502","1,204,345","Analyze"
"LPCN","Lipocine Inc","Health Care","US Equity","Common stocks","Micro cap","$27,438,345","320,422","Analyze"
"IMMX","Immix Biopharma, Inc.","Health Care","US Equity","Common stocks","Micro cap","$27,380,679","49,725","Analyze"
"LUMO","Lumos Pharma, Inc.","Health Care","US Equity","Common stocks","Micro cap","$27,288,049","12,545","Analyze"
"SRZN","Surrozen, Inc.","Health Care","US Equity","Common stocks","Micro cap","$27,009,482","150,314","Analyze"
"MBRX","Moleculin Biotech Inc.","Health Care","US Equity","Common stocks","Micro cap","$26,998,904","68,307","Analyze"
"CRBP","Corbus Pharmaceuticals Holdings Inc","Health Care","US Equity","Common stocks","Micro cap","$26,946,579","2,122,197","Analyze"
"TFFP","TFF Pharmaceuticals, Inc.","Health Care","US Equity","Common stocks","Micro cap","$26,605,537","171,449","Analyze"
"NTRB","Nutriband Inc.","Health Care","US Equity","Common stocks","Micro cap","$26,554,382","7,113","Analyze"
"IDRA","Idera Pharmaceuticals Inc","Health Care","US Equity","Common stocks","Micro cap","$26,501,059","282,354","Analyze"
"EVGN","Evogene Ltd.","Health Care","US Equity","Common stocks","Micro cap","$25,588,057","69,085","Analyze"
"IBIO","iBio, Inc.","Health Care","US Equity","Common stocks","Micro cap","$25,356,766","1,593,756","Analyze"
"SABS","SAB Biotherapeutics, Inc.","Health Care","US Equity","Common stocks","Micro cap","$25,198,881","28,405","Analyze"
"RNXT","RenovoRx, Inc.","Health Care","US Equity","Common stocks","Micro cap","$24,313,665","93,399","Analyze"
"AGE","Agex Therapeutics, Inc.","Health Care","US Equity","Common stocks","Micro cap","$24,286,177","13,343","Analyze"
"MTCR","Metacrine, Inc.","Health Care","US Equity","Common stocks","Micro cap","$24,264,624","147,088","Analyze"
"ZIVO","Zivo Bioscience Inc.","Consumer Staples","US Equity","Common stocks","Micro cap","$23,878,838","5,964","Analyze"
"SQZ","SQZ Biotechnologies Company","Health Care","US Equity","Common stocks","Micro cap","$23,592,900","892,392","Analyze"
"CASI","CASI Pharmaceuticals, Inc.","Health Care","US Equity","Common stocks","Micro cap","$23,031,553","8,748","Analyze"
"EVLO","Evelo Biosciences Inc","Health Care","US Equity","Common stocks","Micro cap","$22,818,318","155,500","Analyze"
"HARP","Harpoon Therapeutics, Inc.","Health Care","US Equity","Common stocks","Micro cap","$22,744,350","317,380","Analyze"
"EQ","Equillium, Inc.","Health Care","US Equity","Common stocks","Micro cap","$22,369,197","41,632","Analyze"
"BTTX","Better Therapeutics, Inc.","Health Care","US Equity","Common stocks","Micro cap","$22,319,604","33,864","Analyze"
"NHWK","NightHawk Biosciences, Inc.","Health Care","US Equity","Common stocks","Micro cap","$21,812,265","35,835","Analyze"
"KZIA","Kazia Therapeutics ADRs","Health Care","US Equity","ADRs","Micro cap","$21,747,136","70,228","Analyze"
"AIM","AIM ImmunoTech Inc.","Health Care","US Equity","Common stocks","Micro cap","$21,132,082","110,997","Analyze"
"AGLE","Aeglea Biotherapeutics Inc","Health Care","US Equity","Common stocks","Micro cap","$21,044,162","270,829","Analyze"
"ASLN","ASLAN Pharmaceuticals Limited ADRs","Health Care","US Equity","ADRs","Micro cap","$20,895,050","89,035","Analyze"
"EDSA","Edesa Biotech, Inc.","Health Care","US Equity","Common stocks","Micro cap","$20,861,012","118,053","Analyze"
"ADXN","Addex Therapeutics Ltd ADRs","Health Care","US Equity","ADRs","Micro cap","$20,378,202","273,449","Analyze"
"ABVC","American BriVision (Holding) Corporation","Health Care","US Equity","Common stocks","Micro cap","$20,232,044","68,553","Analyze"
"GTBP","GT Biopharma Inc","Health Care","US Equity","Common stocks","Micro cap","$20,154,724","55,631","Analyze"
"IKT","Inhibikase Therapeutics, Inc.","Health Care","US Equity","Common stocks","Micro cap","$20,053,920","563,479","Analyze"
"CYCN","Cyclerion Therapeutics, Inc.","Health Care","US Equity","Common stocks","Micro cap","$20,021,451","77,064","Analyze"
"FBRX","Forte Biosciences, Inc.","Health Care","US Equity","Common stocks","Micro cap","$19,931,426","32,303","Analyze"
"CYAD","Celyad SA ADRs","Health Care","US Equity","ADRs","Micro cap","$19,595,738","32,049","Analyze"
"BNOX","Bionomics Limited ADRs","Health Care","US Equity","ADRs","Micro cap","$19,583,138","82,367","Analyze"
"NRSN","NeuroSense Therapeutics Ltd.","Health Care","US Equity","Common stocks","Micro cap","$19,572,999","38,093","Analyze"
"SIOX","Sio Gene Therapies Inc.","Health Care","US Equity","Common stocks","Micro cap","$19,539,302","369,237","Analyze"
"AIKI","AIkido Pharma Inc.","Health Care","US Equity","Common stocks","Micro cap","$19,526,942","31,931","Analyze"
"ACST","Acasti Pharma Inc.","Health Care","US Equity","Common stocks","Micro cap","$19,406,581","69,101","Analyze"
"VYNT","Vyant Bio, Inc.","Health Care","US Equity","Common stocks","Micro cap","$19,366,501","20,225","Analyze"
"VCNX","Vaccinex, Inc.","Health Care","US Equity","Common stocks","Micro cap","$19,259,000","103,230","Analyze"
"FNCH","Finch Therapeutics Group, Inc.","Health Care","US Equity","Common stocks","Micro cap","$19,159,070","94,940","Analyze"
"VINC","Vincera Pharma, Inc.","Health Care","US Equity","Common stocks","Micro cap","$19,047,483","37,969","Analyze"
"AKTX","Akari Therapeutics PLC ADRs","Health Care","US Equity","ADRs","Micro cap","$19,044,098","162,182","Analyze"
"MTEM","Molecular Templates","Health Care","US Equity","Common stocks","Micro cap","$18,731,287","3,600,372","Analyze"
"SYRS","Syros Pharmaceuticals Inc","Health Care","US Equity","Common stocks","Micro cap","$17,704,486","184,097","Analyze"
"AVTX","Avalo Therapeutics, Inc.","Health Care","US Equity","Common stocks","Micro cap","$17,416,092","16,816","Analyze"
"GOVX","GeoVax Labs, Inc.","Health Care","US Equity","Common stocks","Micro cap","$17,381,069","426,193","Analyze"
"INFI","Infinity Pharmaceuticals Inc","Health Care","US Equity","Common stocks","Micro cap","$17,141,352","1,208,822","Analyze"
"CDAK","Codiak BioSciences, Inc.","Health Care","US Equity","Common stocks","Micro cap","$16,978,458","174,323","Analyze"
"NMTR","9 Meters Biopharma, Inc.","Health Care","US Equity","Common stocks","Micro cap","$16,971,680","63,154","Analyze"
"LGVN","Longeveron Inc.","Health Care","US Equity","Common stocks","Micro cap","$16,516,974","29,089","Analyze"
"ANGN","Angion Biomedica Corp.","Health Care","US Equity","Common stocks","Micro cap","$16,355,017","26,563","Analyze"
"ACER","Acer Therapeutics Inc.","Health Care","US Equity","Common stocks","Micro cap","$16,264,991","1,217,264","Analyze"
"BWV","Blue Water Vaccines, Inc.","Health Care","US Equity","Common stocks","Micro cap","$16,230,105","139,454","Analyze"
"SYN","Synthetic Biologics Inc","Health Care","US Equity","Common stocks","Micro cap","$16,160,942","57,189","Analyze"
"FREQ","Frequency Therapeutics, Inc.","Health Care","US Equity","Common stocks","Micro cap","$15,702,642","476,797","Analyze"
"FRLN","Freeline Therapeutics Holdings plc  ADRs","Health Care","US Equity","Common stocks","Micro cap","$15,626,249","38,264","Analyze"
"AMTI","Applied Molecular Transport Inc.","Health Care","US Equity","Common stocks","Micro cap","$15,405,974","172,541","Analyze"
"NNVC","Nanoviricides Inc","Health Care","US Equity","Common stocks","Micro cap","$15,241,850","18,161","Analyze"
"RGLS","Regulus Therapeutics Inc","Health Care","US Equity","Common stocks","Micro cap","$15,219,791","31,252","Analyze"
"INDP","Indaptus Therapeutics, Inc.","Health Care","US Equity","Common stocks","Micro cap","$15,205,895","9,348","Analyze"
"EFTR","eFFECTOR Therapeutics, Inc.","Health Care","US Equity","Common stocks","Micro cap","$15,205,077","82,711","Analyze"
"ONTX","Onconova Therapeutics Inc","Health Care","US Equity","Common stocks","Micro cap","$15,103,313","77,185","Analyze"
"CLRB","Cellectar Biosciences Inc","Health Care","US Equity","Common stocks","Micro cap","$15,000,381","212,519","Analyze"
"TPST","Tempest Therapeutics, Inc.","Health Care","US Equity","Common stocks","Micro cap","$14,786,380","5,178","Analyze"
"LOGC","Logicbio Therapeutics, Inc.","Health Care","US Equity","Common stocks","Micro cap","$14,417,885","153,044","Analyze"
"MITO","Stealth BioTherapeutics Corp. ADRs","Health Care","US Equity","ADRs","Micro cap","$14,021,126","1,299,740","Analyze"
"HGEN","Humanigen Inc","Health Care","US Equity","Common stocks","Micro cap","$13,983,861","2,158,873","Analyze"
"CLSN","Celsion Corp","Health Care","US Equity","Common stocks","Micro cap","$13,913,532","67,986","Analyze"
"ACOR","Acorda Therapeutics Inc","Health Care","US Equity","Common stocks","Micro cap","$13,872,487","155,817","Analyze"
"UPC","Universe Pharmaceuticals Inc","Health Care","US Equity","Common stocks","Micro cap","$13,450,200","17,723","Analyze"
"AEZS","Aeterna Zentaris Inc.","Health Care","US Equity","Common stocks","Micro cap","$13,207,994","17,158","Analyze"
"LIXT","Lixte Biotechnology Holdings Inc.","Health Care","US Equity","Common stocks","Micro cap","$12,787,913","165,627","Analyze"
"ALNA","Allena Pharmaceuticals","Health Care","US Equity","Common stocks","Micro cap","$12,733,095","276,971,676","Analyze"
"BPTH","Bio Path Holdings Inc","Health Care","US Equity","Common stocks","Micro cap","$12,708,402","33,498","Analyze"
"KTTA","Pasithea Therapeutics Corp.","Health Care","US Equity","Common stocks","Micro cap","$12,571,086","39,833","Analyze"
"GRAY","Graybug Vision, Inc.","Health Care","US Equity","Common stocks","Micro cap","$12,540,763","31,744","Analyze"
"ARDS","Aridis Pharmaceuticals Inc.","Health Care","US Equity","Common stocks","Micro cap","$12,331,788","454,296","Analyze"
"GNCA","Genocea Biosciences Inc","Health Care","US Equity","Common stocks","Micro cap","$12,279,873","1,452","Analyze"
"ANPC","AnPac Bio-Medical Science Co., Ltd. ADRs of Class A","Health Care","US Equity","ADRs","Micro cap","$12,259,713","15,425","Analyze"
"SONN","Sonnet BioTherapeutics Holdings, Inc.","Health Care","US Equity","Common stocks","Micro cap","$12,234,837","105,724","Analyze"
"APTX","Aptinyx Inc.","Health Care","US Equity","Common stocks","Micro cap","$12,080,484","5,028,538","Analyze"
"ITRM","Iterum Therapeutics Plc","Health Care","US Equity","Common stocks","Micro cap","$12,075,745","98,749","Analyze"
"GLS","Gelesis Holdings, Inc.","Health Care","US Equity","Common stocks","Micro cap","$12,050,528","272,287","Analyze"
"BRTX","BioRestorative Therapies, Inc.","Health Care","US Equity","Common stocks","Micro cap","$11,665,115","4,378,007","Analyze"
"CING","Cingulate Inc.","Health Care","US Equity","Common stocks","Micro cap","$11,535,600","473,858","Analyze"
"DFFN","Diffusion Pharmaceuticals Inc","Health Care","US Equity","Common stocks","Micro cap","$11,522,847","5,631","Analyze"
"PULM","Pulmatrix Inc","Health Care","US Equity","Common stocks","Micro cap","$11,172,298","23,309","Analyze"
"TTNP","Titan Pharmaceuticals Inc","Health Care","US Equity","Common stocks","Micro cap","$10,971,913","16,222","Analyze"
"GLMD","Galmed Pharmaceuticals Ltd.","Health Care","US Equity","Common stocks","Micro cap","$10,913,460","25,505","Analyze"
"ADIL","Adial Pharmaceuticals Inc","Health Care","US Equity","Common stocks","Micro cap","$10,899,031","513,076","Analyze"
"VBLT","Vascular Biogenics Ltd.","Health Care","US Equity","Common stocks","Micro cap","$10,790,343","2,169,469","Analyze"
"PHGE","BiomX Inc.","Health Care","US Equity","Common stocks","Micro cap","$10,691,167","242,809","Analyze"
"PHGE=","BiomX Inc - Units (1 Ord & 1 War)","Health Care","US Equity","Units","Micro cap","$10,691,167","2,460","Analyze"
"IMRN","Immuron Limited ADRs","Health Care","US Equity","ADRs","Micro cap","$10,535,672","3,782","Analyze"
"LABP","Landos Biopharma, Inc.","Health Care","US Equity","Common stocks","Micro cap","$10,454,195","596,250","Analyze"
"ZSAN","Zosano Pharma Corp","Health Care","US Equity","Common stocks","Micro cap","$10,294,746","1,154,951","Analyze"
"ATHE","Alterity Therapeutics Limited ADRs","Health Care","US Equity","ADRs","Micro cap","$10,189,231","17,423","Analyze"
"HILS","Hillstream BioPharma Inc.","Materials","US Equity","Common stocks","Micro cap","$10,133,598","273,556","Analyze"
"VRPX","Virpax Pharmaceuticals, Inc.","Health Care","US Equity","Common stocks","Micro cap","$9,957,141","17,025","Analyze"
"CNTX","Context Therapeutics Inc.","Health Care","US Equity","Common stocks","Micro cap","$9,737,696","94,706","Analyze"
"CYTH","Cyclo Therapeutics, Inc.","Health Care","US Equity","Common stocks","Micro cap","$9,709,453","85,455","Analyze"
"NEXI","NexImmune, Inc.","Health Care","US Equity","Common stocks","Micro cap","$9,700,869","125,656","Analyze"
"PSTV","Plus Therapeutics, Inc.","Health Care","US Equity","Common stocks","Micro cap","$9,627,130","259,818","Analyze"
"SCPS","Scopus Biopharma Inc.","Health Care","US Equity","Common stocks","Micro cap","$9,604,235","13,802","Analyze"
"NAVB","Navidea Biopharmaceuticals Inc","Health Care","US Equity","Common stocks","Micro cap","$9,600,264","68,274","Analyze"
"BPTS","Biophytis SA ADRs","Health Care","US Equity","ADRs","Micro cap","$9,481,689","1,623,841","Analyze"
"XRTX","XORTX Therapeutics Inc.","Health Care","US Equity","Common stocks","Micro cap","$8,928,282","90,233","Analyze"
"APVO","Aptevo Therapeutics Inc","Health Care","US Equity","Common stocks","Micro cap","$8,859,659","52,635","Analyze"
"NERV","Minerva Neurosciences Inc","Health Care","US Equity","Common stocks","Micro cap","$8,811,318","31,155","Analyze"
"NRBO","NeuroBo Pharmaceuticals, Inc.","Health Care","US Equity","Common stocks","Micro cap","$8,462,038","505,063","Analyze"
"ONCR","Oncorus, Inc.","Health Care","US Equity","Common stocks","Micro cap","$8,314,001","75,781","Analyze"
"MRKR","Marker Therapeutics Inc","Health Care","US Equity","Common stocks","Micro cap","$8,270,899","28,159","Analyze"
"PCSA","Processa Pharmaceuticals Inc.","Health Care","US Equity","Common stocks","Micro cap","$8,066,040","153,405","Analyze"
"PYPD","PolyPid Ltd.","Health Care","US Equity","Common stocks","Micro cap","$8,065,325","47,013","Analyze"
"DRUG","Bright Minds Biosciences Inc.","Health Care","US Equity","Common stocks","Micro cap","$8,047,325","58,137","Analyze"
"VYNE","VYNE Therapeutics Inc.","Health Care","US Equity","Common stocks","Micro cap","$7,899,538","17,709","Analyze"
"CELZ","Creative Medical Technology Holdings, Inc.","Health Care","US Equity","Common stocks","Micro cap","$7,741,935","138,174","Analyze"
"PALI","Palisade Bio, Inc.","Health Care","US Equity","Common stocks","Micro cap","$7,521,642","159,226","Analyze"
"CYCC","Cyclacel Pharmaceuticals Inc","Health Care","US Equity","Common stocks","Micro cap","$7,398,122","45,035","Analyze"
"AYTU","Aytu Bioscience Inc.","Health Care","US Equity","Common stocks","Micro cap","$7,325,187","81,537","Analyze"
"ENSC","Ensysce Biosciences, Inc.","Health Care","US Equity","Common stocks","Micro cap","$7,210,778","1,622,942","Analyze"
"PBLA","Panbela Therapeutics, Inc.","Health Care","US Equity","Common stocks","Micro cap","$7,122,786","1,562,893","Analyze"
"BBI","Brickell Biotech, Inc.","Health Care","US Equity","Common stocks","Micro cap","$6,753,818","31,317","Analyze"
"PHIO","Phio Pharmaceuticals Corp.","Health Care","US Equity","Common stocks","Micro cap","$6,661,870","7,189","Analyze"
"ONCS","Oncosec Medical Inc","Health Care","US Equity","Common stocks","Micro cap","$6,625,879","4,908,231","Analyze"
"XBIO","Xenetic Biosciences, Inc.","Health Care","US Equity","Common stocks","Micro cap","$6,369,970","46,138","Analyze"
"CBIO","Catalyst Biosciences Inc","Health Care","US Equity","Common stocks","Micro cap","$6,326,888","5,974,526","Analyze"
"NBSE","NeuBase Therapeutics, Inc.","Health Care","US Equity","Common stocks","Micro cap","$6,266,362","192,658","Analyze"
"ALRN","Aileron Therapeutics Inc.","Health Care","US Equity","Common stocks","Micro cap","$6,130,575","71,951","Analyze"
"IMV","IMV Inc.","Health Care","US Equity","Common stocks","Micro cap","$6,120,501","205,634","Analyze"
"KPRX","Kiora Pharmaceuticals, Inc.","Health Care","US Equity","Common stocks","Micro cap","$6,084,098","66,595","Analyze"
"ARTL","Artelo Biosciences, Inc.","Health Care","US Equity","Common stocks","Micro cap","$6,034,354","12,499","Analyze"
"KTRA","Kintara Therapeutics, Inc.","Health Care","US Equity","Common stocks","Micro cap","$5,997,592","67,654","Analyze"
"SNPX","Synaptogenix, Inc","Health Care","US Equity","Common stocks","Micro cap","$5,994,627","77,170","Analyze"
"BNTC","Benitec Biopharma","Health Care","US Equity","Common stocks","Micro cap","$5,973,978","410,593","Analyze"
"REVBU","Revelation Biosciences Inc - Units (1 Ord share & 1 War)","Health Care","US Equity","Units","Micro cap","$5,723,972","14,592","Analyze"
"VIRI","Virios Therapeutics, Inc.","Health Care","US Equity","Common stocks","Micro cap","$5,682,421","452,860","Analyze"
"VLON","Vallon Pharmaceuticals, Inc.","Health Care","US Equity","Common stocks","Micro cap","$5,527,760","1,386,878","Analyze"
"NBRV","Nabriva Therapeutics Plc","Health Care","US Equity","Common stocks","Micro cap","$5,484,465","13,360","Analyze"
"ATXI","Avenue Therapeutics Inc.","Health Care","US Equity","Common stocks","Micro cap","$5,337,046","1,601,519","Analyze"
"INM","InMed Pharmaceuticals Inc.","Health Care","US Equity","Common stocks","Micro cap","$5,191,986","390,778","Analyze"
"EVFM","Evofem Biosciences Inc","Health Care","US Equity","Common stocks","Micro cap","$5,150,157","3,362,697","Analyze"
"XCUR","Exicure, Inc.","Health Care","US Equity","Common stocks","Micro cap","$4,840,205","13,896","Analyze"
"FWBI","First Wave BioPharma, Inc.","Health Care","US Equity","Common stocks","Micro cap","$4,819,197","35,648","Analyze"
"SLRX","Salarius Pharmaceuticals, Inc.","Health Care","US Equity","Common stocks","Micro cap","$4,670,365","16,560","Analyze"
"PTE","PolarityTE, Inc.","Health Care","US Equity","Common stocks","Micro cap","$4,557,621","29,989","Analyze"
"HSTO","Histogen Inc.","Health Care","US Equity","Common stocks","Micro cap","$4,314,477","5,784,329","Analyze"
"CWBR","Cohbar Inc.","Health Care","US Equity","Common stocks","Micro cap","$4,273,181","8,617","Analyze"
"QLGN","Qualigen Therapeutics, Inc.","Health Care","US Equity","Common stocks","Micro cap","$4,252,844","858,108","Analyze"
"RNAZ","TransCode Therapeutics, Inc.","Health Care","US Equity","Common stocks","Micro cap","$4,160,501","423,793","Analyze"
"BXRX","Baudax Bio, Inc.","Health Care","US Equity","Common stocks","Micro cap","$4,033,695","263,208","Analyze"
"DRMA","Dermata Therapeutics, Inc.","Health Care","US Equity","Common stocks","Micro cap","$4,012,240","137,807","Analyze"
"ADTX","ADiTx Therapeutics, Inc.","Health Care","US Equity","Common stocks","Micro cap","$3,811,945","52,023","Analyze"
"SPRC","SciSparc Ltd.","Health Care","US Equity","Common stocks","Micro cap","$3,627,616","212,329","Analyze"
"ENVB","Enveric Biosciences, Inc.","Health Care","US Equity","Common stocks","Micro cap","$3,553,843","13,086","Analyze"
"CANF","Can-Fite BioPharma Ltd. ADRs","Health Care","US Equity","ADRs","Micro cap","$3,421,904","32,805","Analyze"
"ALLR","Allarity Therapeutics, Inc.","Health Care","US Equity","Common stocks","Micro cap","$3,390,000","10,959,693","Analyze"
"GMVD","G Medical Innovations Holdings Ltd.","Health Care","US Equity","Common stocks","Micro cap","$3,377,681","50,901","Analyze"
"XTLB","XTL Biopharmaceuticals ADRs","Health Care","US Equity","ADRs","Micro cap","$3,345,311","2,307","Analyze"
"PTPI","Petros Pharmaceuticals, Inc.","Health Care","US Equity","Common stocks","Micro cap","$3,181,789","7,755","Analyze"
"HOTH","Hoth Therapeutics, Inc.","Health Care","US Equity","Common stocks","Micro cap","$2,823,227","278,447","Analyze"
"NBY","Novabay Pharmaceuticals Inc","Health Care","US Equity","Common stocks","Micro cap","$2,795,902","15,498","Analyze"
"NVIV","Invivo Therapeutics Holdings Corp","Health Care","US Equity","Common stocks","Micro cap","$2,716,852","95,146","Analyze"
"BLCM","Bellicum Pharmaceuticals Inc","Health Care","US Equity","Common stocks","Micro cap","$2,540,990","214,902","Analyze"
"MTP","Midatech Pharma PLC ADRs","Health Care","US Equity","ADRs","Micro cap","$2,426,161","49,208","Analyze"
"CFRX","ContraFect Corp","Health Care","US Equity","Common stocks","Micro cap","$2,246,246","284,702","Analyze"
"TCBP","TC BioPharm (Holdings) plc ADRs","Health Care","US Equity","Common stocks","Micro cap","$2,194,403","180,101","Analyze"
"HOOK","HOOKIPA Pharma Inc.","Health Care","US Equity","Common stocks","Micro cap","$1,932,811","134,757","Analyze"
"CYTO","Altamira Therapeutics Ltd.","Health Care","US Equity","Common stocks","Micro cap","$1,909,808","247,674","Analyze"
"BVXV","BiondVax Pharmaceuticals Ltd. ADRs","Health Care","US Equity","ADRs","Micro cap","$1,450,879","21,121","Analyze"
"TENX","Oxygen Biotherapeutics Inc","Health Care","US Equity","Common stocks","Micro cap","$1,212,775","9,244,579","Analyze"
"STAB","Statera Biopharma, Inc.","Health Care","US Equity","Common stocks","Micro cap","$1,106,949","995,601","Analyze"
"CALA","Calithera Biosciences Inc","Health Care","US Equity","Common stocks","Micro cap","$218,937","62,844","Analyze"
"QNRX","Quoin Pharmaceuticals, Ltd. ADRs","Health Care","US Equity","ADRs","Micro cap","$11,352","518,405","Analyze"
"TYME","Tyme Technologies Inc","Health Care","US Equity","Common stocks","Unknown","$0","2,633,537","Analyze"